eve_id	confidence	eve_score	suggests	because	locus	top_evalue	top_pident	top_desc	top_viral_desc	top_viral_lineage	max_count_phylum
CALSFZ01_EVE001	high	100	viral (18)	VDB (11), UDB Viruses (7)	CALSFZ010000005.1_179527-180014:-	1.86e-69	72.4	hypothetical protein [Culex Bunya-like virus] acc=AXQ04768.1 	hypothetical protein [Culex Bunya-like virus] acc=AXQ04768.1 	k__Viruses;K__Orthornavirae;p__Negarnaviricota;c__Ellioviricetes;o__Bunyavirales;f__unclassified Bunyavirales family;g__unclassified Bunyavirales genus;s__Culex Bunya-like virus	Negarnaviricota
CALSFZ01_EVE002	high	100	viral (18)	VDB (11), UDB Viruses (7)	CALSFZ010000005.1_270763-271249:+	4.55e-65	70.6	hypothetical protein [Culex Bunya-like virus] acc=AXQ04768.1 	hypothetical protein [Culex Bunya-like virus] acc=AXQ04768.1 	k__Viruses;K__Orthornavirae;p__Negarnaviricota;c__Ellioviricetes;o__Bunyavirales;f__unclassified Bunyavirales family;g__unclassified Bunyavirales genus;s__Culex Bunya-like virus	Negarnaviricota
CALSFZ01_EVE003	high	100	viral (18)	VDB (11), UDB Viruses (7)	CALSFZ010000005.1_455296-455763:-	7.860000000000001e-77	76.9	hypothetical protein [Culex Bunya-like virus] acc=AXQ04768.1 	hypothetical protein [Culex Bunya-like virus] acc=AXQ04768.1 	k__Viruses;K__Orthornavirae;p__Negarnaviricota;c__Ellioviricetes;o__Bunyavirales;f__unclassified Bunyavirales family;g__unclassified Bunyavirales genus;s__Culex Bunya-like virus	Negarnaviricota
CALSFZ01_EVE004	high	100	viral (18)	VDB (11), UDB Viruses (7)	CALSFZ010000005.1_473323-473790:-	6.39e-76	75.6	hypothetical protein [Culex Bunya-like virus] acc=AXQ04768.1 	hypothetical protein [Culex Bunya-like virus] acc=AXQ04768.1 	k__Viruses;K__Orthornavirae;p__Negarnaviricota;c__Ellioviricetes;o__Bunyavirales;f__unclassified Bunyavirales family;g__unclassified Bunyavirales genus;s__Culex Bunya-like virus	Negarnaviricota
CALSFZ01_EVE005	high	100	viral (2)	VDB (2)	CALSFZ010000009.1_3984269-3984467:-	2.81e-11	40.9	glycoprotein precursor [Wuhan mosquito virus 1] acc=YP_009305131.1 	glycoprotein precursor [Wuhan mosquito virus 1] acc=YP_009305131.1 	k__Viruses;K__Orthornavirae;p__Negarnaviricota;c__Ellioviricetes;o__Bunyavirales;f__Phasmaviridae;g__Orthophasmavirus;s__Orthophasmavirus wuhanense	Negarnaviricota
CALSFZ01_EVE006	high	100	viral (20)	VDB (12), UDB Viruses (8)	CALSFZ010000049.1_13026-13154:-	3.3e-13	67.4	RNA-dependent RNA polymerase [Evros rhabdovirus 2] acc=QRD99862.1 	RNA-dependent RNA polymerase [Evros rhabdovirus 2] acc=QRD99862.1 	k__Viruses;K__Orthornavirae;p__Negarnaviricota;c__Monjiviricetes;o__Mononegavirales;f__Rhabdoviridae;g__unclassified Rhabdoviridae genus;s__Evros rhabdovirus 2	Negarnaviricota
CALSFZ01_EVE007	high	100	viral (20)	VDB (12), UDB Viruses (8)	CALSFZ010000049.1_13174-13308:-	6.77e-13	64.4	RNA-dependent RNA polymerase [Evros rhabdovirus 2] acc=QRD99862.1 	RNA-dependent RNA polymerase [Evros rhabdovirus 2] acc=QRD99862.1 	k__Viruses;K__Orthornavirae;p__Negarnaviricota;c__Monjiviricetes;o__Mononegavirales;f__Rhabdoviridae;g__unclassified Rhabdoviridae genus;s__Evros rhabdovirus 2	Negarnaviricota
CALSFZ01_EVE008	high	100	viral (16)	VDB (10), UDB Viruses (6)	CALSFZ010000092.1_111772-112193:-	1.97e-57	69.7	hypothetical protein [Culex Bunya-like virus] acc=AXQ04768.1 	hypothetical protein [Culex Bunya-like virus] acc=AXQ04768.1 	k__Viruses;K__Orthornavirae;p__Negarnaviricota;c__Ellioviricetes;o__Bunyavirales;f__unclassified Bunyavirales family;g__unclassified Bunyavirales genus;s__Culex Bunya-like virus	Negarnaviricota
CALSFZ01_EVE009	high	100	viral (16)	VDB (10), UDB Viruses (6)	CALSFZ010000092.1_115764-116185:-	4.49e-56	68.3	hypothetical protein [Culex Bunya-like virus] acc=AXQ04768.1 	hypothetical protein [Culex Bunya-like virus] acc=AXQ04768.1 	k__Viruses;K__Orthornavirae;p__Negarnaviricota;c__Ellioviricetes;o__Bunyavirales;f__unclassified Bunyavirales family;g__unclassified Bunyavirales genus;s__Culex Bunya-like virus	Negarnaviricota
CALSFZ01_EVE010	high	100	viral (16)	VDB (10), UDB Viruses (6)	CALSFZ010000092.1_119755-120176:-	1.12e-56	69	hypothetical protein [Culex Bunya-like virus] acc=AXQ04768.1 	hypothetical protein [Culex Bunya-like virus] acc=AXQ04768.1 	k__Viruses;K__Orthornavirae;p__Negarnaviricota;c__Ellioviricetes;o__Bunyavirales;f__unclassified Bunyavirales family;g__unclassified Bunyavirales genus;s__Culex Bunya-like virus	Negarnaviricota
CALSFZ01_EVE011	high	100	viral (16)	VDB (10), UDB Viruses (6)	CALSFZ010000092.1_123741-124162:-	4.49e-56	68.3	hypothetical protein [Culex Bunya-like virus] acc=AXQ04768.1 	hypothetical protein [Culex Bunya-like virus] acc=AXQ04768.1 	k__Viruses;K__Orthornavirae;p__Negarnaviricota;c__Ellioviricetes;o__Bunyavirales;f__unclassified Bunyavirales family;g__unclassified Bunyavirales genus;s__Culex Bunya-like virus	Negarnaviricota
CALSFZ01_EVE012	high	100	viral (16)	VDB (10), UDB Viruses (6)	CALSFZ010000092.1_127728-128145:-	1.2199999999999998e-55	69	hypothetical protein [Culex Bunya-like virus] acc=AXQ04768.1 	hypothetical protein [Culex Bunya-like virus] acc=AXQ04768.1 	k__Viruses;K__Orthornavirae;p__Negarnaviricota;c__Ellioviricetes;o__Bunyavirales;f__unclassified Bunyavirales family;g__unclassified Bunyavirales genus;s__Culex Bunya-like virus	Negarnaviricota
CALSFZ01_EVE013	high	100	viral (16)	VDB (10), UDB Viruses (6)	CALSFZ010000092.1_131711-132128:-	1.2199999999999998e-55	69	hypothetical protein [Culex Bunya-like virus] acc=AXQ04768.1 	hypothetical protein [Culex Bunya-like virus] acc=AXQ04768.1 	k__Viruses;K__Orthornavirae;p__Negarnaviricota;c__Ellioviricetes;o__Bunyavirales;f__unclassified Bunyavirales family;g__unclassified Bunyavirales genus;s__Culex Bunya-like virus	Negarnaviricota
CALSFZ01_EVE014	high	100	viral (16)	VDB (10), UDB Viruses (6)	CALSFZ010000092.1_135694-136111:-	1.2199999999999998e-55	69	hypothetical protein [Culex Bunya-like virus] acc=AXQ04768.1 	hypothetical protein [Culex Bunya-like virus] acc=AXQ04768.1 	k__Viruses;K__Orthornavirae;p__Negarnaviricota;c__Ellioviricetes;o__Bunyavirales;f__unclassified Bunyavirales family;g__unclassified Bunyavirales genus;s__Culex Bunya-like virus	Negarnaviricota
CALSFZ01_EVE015	high	100	viral (18)	VDB (11), UDB Viruses (7)	CALSFZ010000092.1_59196-59630:+	9.42e-65	73.1	hypothetical protein [Culex Bunya-like virus] acc=AXQ04768.1 	hypothetical protein [Culex Bunya-like virus] acc=AXQ04768.1 	k__Viruses;K__Orthornavirae;p__Negarnaviricota;c__Ellioviricetes;o__Bunyavirales;f__unclassified Bunyavirales family;g__unclassified Bunyavirales genus;s__Culex Bunya-like virus	Negarnaviricota
CALSFZ01_EVE016	high	100	viral (7)	VDB (6), UDB Viruses (1)	CALSFZ010000119.1_69736-70318:+	5.58e-62	55.9	glycoprotein [Anopheles phasivirus 2] acc=BEK62751.1 	glycoprotein [Anopheles phasivirus 2] acc=BEK62751.1 	k__Viruses;K__Orthornavirae;p__Negarnaviricota;c__Ellioviricetes;o__Bunyavirales;f__Phenuiviridae;g__unclassified Phenuiviridae genus;s__Anopheles phasivirus 2	Negarnaviricota
CALSFZ01_EVE017	high	100	viral (7)	VDB (6), UDB Viruses (1)	CALSFZ010000119.1_78253-78873:+	8.329999999999999e-69	59.5	glycoprotein [Anopheles phasivirus 2] acc=BEK62751.1 	glycoprotein [Anopheles phasivirus 2] acc=BEK62751.1 	k__Viruses;K__Orthornavirae;p__Negarnaviricota;c__Ellioviricetes;o__Bunyavirales;f__Phenuiviridae;g__unclassified Phenuiviridae genus;s__Anopheles phasivirus 2	Negarnaviricota
CALSFZ01_EVE018	high	96	viral (22), non-viral (1)	VDB (15), UDB Viruses (7), annotated protein of Eukaryota (1)	CALSFZ010000119.1_53588-54688:+	2.16e-63	35.6	nucleocapsid [Xanthi rhabdovirus] acc=QSL99567.1 	nucleocapsid [Xanthi rhabdovirus] acc=QSL99567.1 	k__Viruses;K__Orthornavirae;p__Negarnaviricota;c__Monjiviricetes;o__Mononegavirales;f__Rhabdoviridae;g__unclassified Rhabdoviridae genus;s__Xanthi rhabdovirus	Negarnaviricota
CALSFZ01_EVE019	high	95	viral (19), non-viral (1)	VDB (16), UDB Viruses (3), annotated protein of Eukaryota (1)	CALSFZ010000006.1_3903603-3904182:+	1.82e-25	35	nucleocapsid [Xanthi rhabdovirus] acc=QSL99567.1 	nucleocapsid [Xanthi rhabdovirus] acc=QSL99567.1 	k__Viruses;K__Orthornavirae;p__Negarnaviricota;c__Monjiviricetes;o__Mononegavirales;f__Rhabdoviridae;g__unclassified Rhabdoviridae genus;s__Xanthi rhabdovirus	Negarnaviricota
CALSFZ01_EVE020	high	91	viral (19), non-viral (2)	VDB (12), UDB Viruses (7), annotated protein of Eukaryota (1), annotated protein of unclassified root superkingdom (1)	CALSFZ010000049.1_13307-13705:-	2.01e-20	43.7	RNA-dependent RNA polymerase [Evros rhabdovirus 2] acc=QRD99862.1 	RNA-dependent RNA polymerase [Evros rhabdovirus 2] acc=QRD99862.1 	k__Viruses;K__Orthornavirae;p__Negarnaviricota;c__Monjiviricetes;o__Mononegavirales;f__Rhabdoviridae;g__unclassified Rhabdoviridae genus;s__Evros rhabdovirus 2	Negarnaviricota
CALSFZ01_EVE021	high	90	viral (18), non-viral (2)	VDB (11), UDB Viruses (7), annotated protein of Eukaryota (1), annotated protein of unclassified root superkingdom (1)	CALSFZ010000015.1_3007395-3007544:-	8.79e-16	64	RNA-dependent RNA polymerase [Evros rhabdovirus 2] acc=QRD99862.1 	RNA-dependent RNA polymerase [Evros rhabdovirus 2] acc=QRD99862.1 	k__Viruses;K__Orthornavirae;p__Negarnaviricota;c__Monjiviricetes;o__Mononegavirales;f__Rhabdoviridae;g__unclassified Rhabdoviridae genus;s__Evros rhabdovirus 2	Negarnaviricota
CALSFZ01_EVE022	high	88	viral (12), maybe-viral (3)	VDB (9), uncharacterized protein (3), UDB Viruses (2), capsid (1)	CALSFZ010000022.1_7646-9128:-	1.0800000000000001e-276	70.9	Capsid protein n=2 Tax=root  RepID=A0A182PVZ4_9DIPT	capsid [Australian Anopheles totivirus] acc=YP_009417300.1 	k__Viruses;K__Orthornavirae;p__Duplornaviricota;c__Chrymotiviricetes;o__Ghabrivirales;f__Totiviridae;g__unclassified Totiviridae genus;s__Australian Anopheles totivirus	Duplornaviricota
CALSFZ01_EVE023	high	87	viral (18), non-viral (2), maybe-viral (1)	VDB (12), UDB Viruses (6), annotated protein of Eukaryota (1), annotated protein of unclassified root superkingdom (1), uncharacterized protein (1)	CALSFZ010000015.1_3001625-3001774:-	3.73e-14	60	RNA-dependent RNA polymerase [Evros rhabdovirus 2] acc=QRD99862.1 	RNA-dependent RNA polymerase [Evros rhabdovirus 2] acc=QRD99862.1 	k__Viruses;K__Orthornavirae;p__Negarnaviricota;c__Monjiviricetes;o__Mononegavirales;f__Rhabdoviridae;g__unclassified Rhabdoviridae genus;s__Evros rhabdovirus 2	Negarnaviricota
CALSFZ01_EVE024	high	87	viral (19), non-viral (2), maybe-viral (1)	VDB (13), UDB Viruses (6), annotated protein of Eukaryota (1), annotated protein of unclassified root superkingdom (1), uncharacterized protein (1)	CALSFZ010000015.1_3012047-3012196:-	1.07e-14	62	RNA-dependent RNA polymerase [Evros rhabdovirus 2] acc=QRD99862.1 	RNA-dependent RNA polymerase [Evros rhabdovirus 2] acc=QRD99862.1 	k__Viruses;K__Orthornavirae;p__Negarnaviricota;c__Monjiviricetes;o__Mononegavirales;f__Rhabdoviridae;g__unclassified Rhabdoviridae genus;s__Evros rhabdovirus 2	Negarnaviricota
CALSFZ01_EVE025	high	87	viral (19), non-viral (2), maybe-viral (1)	VDB (13), UDB Viruses (6), annotated protein of Eukaryota (1), annotated protein of unclassified root superkingdom (1), uncharacterized protein (1)	CALSFZ010000015.1_3016699-3016848:-	1.07e-14	62	RNA-dependent RNA polymerase [Evros rhabdovirus 2] acc=QRD99862.1 	RNA-dependent RNA polymerase [Evros rhabdovirus 2] acc=QRD99862.1 	k__Viruses;K__Orthornavirae;p__Negarnaviricota;c__Monjiviricetes;o__Mononegavirales;f__Rhabdoviridae;g__unclassified Rhabdoviridae genus;s__Evros rhabdovirus 2	Negarnaviricota
CALSFZ01_EVE026	high	87	viral (19), non-viral (2), maybe-viral (1)	VDB (13), UDB Viruses (6), annotated protein of Eukaryota (1), annotated protein of unclassified root superkingdom (1), uncharacterized protein (1)	CALSFZ010000049.1_3559-3708:-	1.07e-14	62	RNA-dependent RNA polymerase [Evros rhabdovirus 2] acc=QRD99862.1 	RNA-dependent RNA polymerase [Evros rhabdovirus 2] acc=QRD99862.1 	k__Viruses;K__Orthornavirae;p__Negarnaviricota;c__Monjiviricetes;o__Mononegavirales;f__Rhabdoviridae;g__unclassified Rhabdoviridae genus;s__Evros rhabdovirus 2	Negarnaviricota
CALSFZ01_EVE027	high	87	viral (19), non-viral (2), maybe-viral (1)	VDB (13), UDB Viruses (6), annotated protein of Eukaryota (1), annotated protein of unclassified root superkingdom (1), uncharacterized protein (1)	CALSFZ010000049.1_8359-8508:-	1.07e-14	62	RNA-dependent RNA polymerase [Evros rhabdovirus 2] acc=QRD99862.1 	RNA-dependent RNA polymerase [Evros rhabdovirus 2] acc=QRD99862.1 	k__Viruses;K__Orthornavirae;p__Negarnaviricota;c__Monjiviricetes;o__Mononegavirales;f__Rhabdoviridae;g__unclassified Rhabdoviridae genus;s__Evros rhabdovirus 2	Negarnaviricota
CALSFZ01_EVE028	high	67	viral (10), maybe-viral (4), non-viral (1)	VDB (9), uncharacterized protein (4), annotated protein of Eukaryota (1), UDB Viruses (1)	CALSFZ010000022.1_12684-12881:-	1.8e-33	87.9	capsid [Australian Anopheles totivirus] acc=YP_009417300.1 	capsid [Australian Anopheles totivirus] acc=YP_009417300.1 	k__Viruses;K__Orthornavirae;p__Duplornaviricota;c__Chrymotiviricetes;o__Ghabrivirales;f__Totiviridae;g__unclassified Totiviridae genus;s__Australian Anopheles totivirus	Duplornaviricota
CALSFZ01_EVE029	high	60	maybe-viral (5), viral (5)	uncharacterized protein (5), VDB (3), UDB Viruses (2)	CALSFZ010000015.1_2992148-2992515:-	8.03e-31	51.1	uncharacterized protein LOC128274645 n=1 Tax=Anopheles cruzii  RepID=UPI0022EC1E8A	uncharacterized protein [Drosophila biauraria male killing partitivirus 1] acc=BDH75794.1 	k__Viruses;K__Orthornavirae;p__Pisuviricota;c__Duplopiviricetes;o__Durnavirales;f__Partitiviridae;g__unclassified Partitiviridae genus;s__Drosophila biauraria male killing partitivirus 1	Arthropoda
CALSFZ01_EVE030	high	60	maybe-viral (8), viral (5)	uncharacterized protein (8), VDB (3), UDB Viruses (2)	CALSFZ010000015.1_2994485-2994990:-	2.27e-38	51.2	uncharacterized protein LOC128274645 n=1 Tax=Anopheles cruzii  RepID=UPI0022EC1E8A	Capsid protein n=1 Tax=Wuhan insect virus 23  RepID=A0A1L3KLS1_9VIRU	k__Viruses;K__unclassified Viruses kingdom;p__unclassified Viruses phylum;c__unclassified Viruses class;o__unclassified Viruses order;f__unclassified Viruses family;g__unclassified Viruses genus;s__Wuhan insect virus 23	Arthropoda
CALSFZ01_EVE031	high	56	maybe-viral (8), viral (5), non-viral (2)	uncharacterized protein (8), VDB (3), annotated protein of Eukaryota (2), UDB Viruses (2)	CALSFZ010000077.1_22644-23159:+	1.52e-40	39.5	hypothetical protein [Partitiviridae sp.] acc=QYW05753.1 	hypothetical protein [Partitiviridae sp.] acc=QYW05753.1 	k__Viruses;K__Orthornavirae;p__Pisuviricota;c__Duplopiviricetes;o__Durnavirales;f__Partitiviridae;g__unclassified Partitiviridae genus;s__Partitiviridae sp.	Arthropoda
CALSFZ01_EVE032	high	54	maybe-viral (7), viral (5), non-viral (2)	uncharacterized protein (7), VDB (3), annotated protein of Eukaryota (2), UDB Viruses (2)	CALSFZ010000015.1_2993989-2994378:-	3.0400000000000004e-27	52.3	uncharacterized protein LOC128274645 n=1 Tax=Anopheles cruzii  RepID=UPI0022EC1E8A	hypothetical protein [Partitiviridae sp.] acc=QYW05753.1 	k__Viruses;K__Orthornavirae;p__Pisuviricota;c__Duplopiviricetes;o__Durnavirales;f__Partitiviridae;g__unclassified Partitiviridae genus;s__Partitiviridae sp.	Arthropoda
CALSFZ01_EVE033	high	45	maybe-viral (2), viral (2), non-viral (1)	uncharacterized protein (2), annotated protein of Eukaryota (1), UDB Viruses (1), VDB (1)	CALSFZ010000024.1_1117906-1118442:+	1.41e-20	97.7	RNA/RNP complex-1-interacting phosphatase n=1 Tax=Anopheles nili  RepID=UPI00237B236A	hypothetical protein [Osugoroshi virus] acc=BCP45655.1 	k__Viruses;K__Orthornavirae;p__Pisuviricota;c__Duplopiviricetes;o__Durnavirales;f__Partitiviridae;g__unclassified Partitiviridae genus;s__Osugoroshi virus	Arthropoda
CALSFZ01_EVE034	high	44	viral (9), non-viral (6), maybe-viral (4), false-viral (1)	VDB (7), annotated protein of Eukaryota (6), uncharacterized protein (4), UDB Viruses (2), ubiquitin (1)	CALSFZ010000001.1_1489822-1490079:+	7.31e-23	53	RING-type domain-containing protein n=2 Tax=Strigamia maritima  RepID=T1JFM1_STRMM	inhibitor of apoptosis 3 [Choristoneura fumiferana multiple nucleopolyhedrovirus] acc=NP_848342.1 	k__Viruses;K__unclassified Viruses kingdom;p__unclassified Viruses phylum;c__Naldaviricetes;o__Lefavirales;f__Baculoviridae;g__Alphabaculovirus;s__Alphabaculovirus chofumiferanae	Arthropoda
CALSFZ01_EVE035	high	42	maybe-viral (14), viral (5), non-viral (1)	uncharacterized protein (11), VDB (3), polyprotein protein (2), UDB Viruses (2), annotated protein of Eukaryota (1), glycoprotein protein (1)	CALSFZ010000038.1_33603-34743:-	3.86e-207	72.4	glycoprotein [Gurupi chuvirus-like 1] acc=QPF16715.1 	glycoprotein [Gurupi chuvirus-like 1] acc=QPF16715.1 	k__Viruses;K__Orthornavirae;p__Negarnaviricota;c__Monjiviricetes;o__Jingchuvirales;f__Chuviridae;g__unclassified Chuviridae genus;s__Gurupi chuvirus-like 1	Arthropoda
CALSFZ01_EVE036	high	41	maybe-viral (15), viral (5), non-viral (1)	uncharacterized protein (11), VDB (3), glycoprotein protein (2), polyprotein protein (2), UDB Viruses (2), annotated protein of Eukaryota (1)	CALSFZ010000357.1_3631-4764:-	2.39e-212	72.8	glycoprotein [Gurupi chuvirus-like 1] acc=QPF16715.1 	glycoprotein [Gurupi chuvirus-like 1] acc=QPF16715.1 	k__Viruses;K__Orthornavirae;p__Negarnaviricota;c__Monjiviricetes;o__Jingchuvirales;f__Chuviridae;g__unclassified Chuviridae genus;s__Gurupi chuvirus-like 1	Arthropoda
CALSFZ01_EVE037	high	39	non-viral (10), viral (9), false-viral (1)	annotated protein of Eukaryota (10), viral (9), ubiquitin (1)	CALSFZ010000050.1_90747-90986:+	4.69e-53	98.8	UBC core domain-containing protein n=4 Tax=Culicidae  RepID=A0A182SYF5_9DIPT	NA	NA	Arthropoda
CALSFZ01_EVE038	high	38	maybe-viral (15), viral (5), non-viral (1)	uncharacterized protein (8), glycoprotein protein (5), VDB (3), polyprotein protein (2), UDB Viruses (2), annotated protein of Eukaryota (1)	CALSFZ010000357.1_15954-16256:+	1.91e-46	73.3	Uncharacterized protein n=1 Tax=Aedes albopictus  RepID=A0A182GCU7_AEDAL	glycoprotein [Gurupi chuvirus-like 1] acc=QPF16715.1 	k__Viruses;K__Orthornavirae;p__Negarnaviricota;c__Monjiviricetes;o__Jingchuvirales;f__Chuviridae;g__unclassified Chuviridae genus;s__Gurupi chuvirus-like 1	Arthropoda
CALSFZ01_EVE039	low	30	maybe-viral (9), non-viral (6), viral (4), retro (1)	uncharacterized protein (9), annotated protein of Eukaryota (4), VDB (4), annotated protein of unclassified root superkingdom (2), reverse transcriptase (1)	CALSFZ010000038.1_32313-32507:-	2.07e-27	71.9	polyprotein [Chibugado virus] acc=QHA33695.1 	polyprotein [Chibugado virus] acc=QHA33695.1 	k__Viruses;K__Pararnavirae;p__Artverviricota;c__Revtraviricetes;o__Ortervirales;f__Metaviridae;g__unclassified Metaviridae genus;s__Chibugado virus	Arthropoda
CALSFZ01_EVE040	low	27	non-viral (15), viral (5)	annotated protein of Eukaryota (15), envelope (5)	CALSFZ010000030.1_2017056-2017777:-	1.0599999999999999e-118	75.2	CTD nuclear envelope phosphatase 1 homolog n=171 Tax=Eumetazoa  RepID=CNEP1_DROPS	NA	NA	unclassified Metazoa phylum
CALSFZ01_EVE041	low	26	maybe-viral (10), non-viral (6), viral (3), retro (1)	uncharacterized protein (9), annotated protein of Eukaryota (4), VDB (3), annotated protein of unclassified root superkingdom (2), hypothetical protein (1), reverse transcriptase (1)	CALSFZ010000042.1_1379498-1379752:-	1.6099999999999998e-38	72.9	polyprotein [Chibugado virus] acc=QHA33695.1 	polyprotein [Chibugado virus] acc=QHA33695.1 	k__Viruses;K__Pararnavirae;p__Artverviricota;c__Revtraviricetes;o__Ortervirales;f__Metaviridae;g__unclassified Metaviridae genus;s__Chibugado virus	Arthropoda
CALSFZ01_EVE042	low	26	maybe-viral (10), non-viral (6), viral (3), retro (1)	uncharacterized protein (9), annotated protein of Eukaryota (4), VDB (3), annotated protein of unclassified root superkingdom (2), hypothetical protein (1), reverse transcriptase (1)	CALSFZ010000045.1_944279-944533:-	1.6099999999999998e-38	72.9	polyprotein [Chibugado virus] acc=QHA33695.1 	polyprotein [Chibugado virus] acc=QHA33695.1 	k__Viruses;K__Pararnavirae;p__Artverviricota;c__Revtraviricetes;o__Ortervirales;f__Metaviridae;g__unclassified Metaviridae genus;s__Chibugado virus	Arthropoda
CALSFZ01_EVE043	low	25	maybe-viral (8), non-viral (8), viral (4), retro (2)	uncharacterized protein (8), annotated protein of Eukaryota (7), VDB (4), annotated protein of unclassified root superkingdom (1), retro (1), reverse transcriptase (1)	CALSFZ010000238.1_51009-51262:+	3.2400000000000006e-27	66.7	uncharacterized protein LOC128735958 n=1 Tax=Sabethes cyaneus  RepID=UPI00237EABF9	RNA-dependent RNA polymerase [Kvarnon virus] acc=UYE93847.1 	k__Viruses;K__unclassified Viruses kingdom;p__unclassified Viruses phylum;c__unclassified Viruses class;o__unclassified Viruses order;f__unclassified Viruses family;g__unclassified Viruses genus;s__Kvarnon virus	Arthropoda
CALSFZ01_EVE044	low	24	maybe-viral (9), non-viral (5), retro (4), viral (3)	uncharacterized protein (7), annotated protein of Eukaryota (3), VDB (3), annotated protein of unclassified root superkingdom (2), retro (2), reverse transcriptase (2), hypothetical protein (1), polyprotein protein (1)	CALSFZ010000002.1_27007-27255:+	6.15e-37	73.5	polyprotein [Chibugado virus] acc=QHA33695.1 	polyprotein [Chibugado virus] acc=QHA33695.1 	k__Viruses;K__Pararnavirae;p__Artverviricota;c__Revtraviricetes;o__Ortervirales;f__Metaviridae;g__unclassified Metaviridae genus;s__Chibugado virus	Arthropoda
CALSFZ01_EVE045	low	23	maybe-viral (19), non-viral (1), viral (1)	uncharacterized protein (19), annotated protein of Eukaryota (1), VDB (1)	CALSFZ010000028.1_1877-1980:+	1.77e-9	90	Uncharacterized protein n=17 Tax=Bilateria  RepID=A0A9D4RU23_DREPO	Sigma 2 [Phocid orthoreovirus 1] acc=QJE50384.1 	k__Viruses;K__Orthornavirae;p__Duplornaviricota;c__Resentoviricetes;o__Reovirales;f__Spinareoviridae;g__Orthoreovirus;s__Phocid orthoreovirus 1	Arthropoda
CALSFZ01_EVE046	low	23	maybe-viral (19), non-viral (1), viral (1)	uncharacterized protein (19), annotated protein of Eukaryota (1), VDB (1)	CALSFZ010000028.1_35195-35298:+	1.77e-9	90	Uncharacterized protein n=17 Tax=Bilateria  RepID=A0A9D4RU23_DREPO	Sigma 2 [Phocid orthoreovirus 1] acc=QJE50384.1 	k__Viruses;K__Orthornavirae;p__Duplornaviricota;c__Resentoviricetes;o__Reovirales;f__Spinareoviridae;g__Orthoreovirus;s__Phocid orthoreovirus 1	Arthropoda
CALSFZ01_EVE047	low	23	maybe-viral (19), non-viral (1), viral (1)	uncharacterized protein (19), annotated protein of Eukaryota (1), VDB (1)	CALSFZ010000028.1_76372-76475:+	1.77e-9	90	Uncharacterized protein n=17 Tax=Bilateria  RepID=A0A9D4RU23_DREPO	Sigma 2 [Phocid orthoreovirus 1] acc=QJE50384.1 	k__Viruses;K__Orthornavirae;p__Duplornaviricota;c__Resentoviricetes;o__Reovirales;f__Spinareoviridae;g__Orthoreovirus;s__Phocid orthoreovirus 1	Arthropoda
CALSFZ01_EVE048	low	23	non-viral (9), maybe-viral (8), viral (3), retro (1)	uncharacterized protein (8), annotated protein of Eukaryota (7), VDB (3), annotated protein of unclassified root superkingdom (2), reverse transcriptase (1)	CALSFZ010000036.1_942039-942296:-	3.7499999999999998e-37	70.9	polyprotein [Chibugado virus] acc=QHA33695.1 	polyprotein [Chibugado virus] acc=QHA33695.1 	k__Viruses;K__Pararnavirae;p__Artverviricota;c__Revtraviricetes;o__Ortervirales;f__Metaviridae;g__unclassified Metaviridae genus;s__Chibugado virus	Arthropoda
CALSFZ01_EVE049	low	23	maybe-viral (19), non-viral (1), viral (1)	uncharacterized protein (19), annotated protein of Eukaryota (1), VDB (1)	CALSFZ010000041.1_13273-13376:+	1.77e-9	90	Uncharacterized protein n=17 Tax=Bilateria  RepID=A0A9D4RU23_DREPO	Sigma 2 [Phocid orthoreovirus 1] acc=QJE50384.1 	k__Viruses;K__Orthornavirae;p__Duplornaviricota;c__Resentoviricetes;o__Reovirales;f__Spinareoviridae;g__Orthoreovirus;s__Phocid orthoreovirus 1	Arthropoda
CALSFZ01_EVE050	low	23	maybe-viral (19), non-viral (1), viral (1)	uncharacterized protein (19), annotated protein of Eukaryota (1), VDB (1)	CALSFZ010000041.1_136395-136498:+	1.77e-9	90	Uncharacterized protein n=17 Tax=Bilateria  RepID=A0A9D4RU23_DREPO	Sigma 2 [Phocid orthoreovirus 1] acc=QJE50384.1 	k__Viruses;K__Orthornavirae;p__Duplornaviricota;c__Resentoviricetes;o__Reovirales;f__Spinareoviridae;g__Orthoreovirus;s__Phocid orthoreovirus 1	Arthropoda
CALSFZ01_EVE051	low	23	maybe-viral (19), non-viral (1), viral (1)	uncharacterized protein (19), annotated protein of Eukaryota (1), VDB (1)	CALSFZ010000041.1_43524-43627:+	1.77e-9	90	Uncharacterized protein n=17 Tax=Bilateria  RepID=A0A9D4RU23_DREPO	Sigma 2 [Phocid orthoreovirus 1] acc=QJE50384.1 	k__Viruses;K__Orthornavirae;p__Duplornaviricota;c__Resentoviricetes;o__Reovirales;f__Spinareoviridae;g__Orthoreovirus;s__Phocid orthoreovirus 1	Arthropoda
CALSFZ01_EVE052	low	23	maybe-viral (19), non-viral (1), viral (1)	uncharacterized protein (19), annotated protein of Eukaryota (1), VDB (1)	CALSFZ010000041.1_88699-88802:+	1.77e-9	90	Uncharacterized protein n=17 Tax=Bilateria  RepID=A0A9D4RU23_DREPO	Sigma 2 [Phocid orthoreovirus 1] acc=QJE50384.1 	k__Viruses;K__Orthornavirae;p__Duplornaviricota;c__Resentoviricetes;o__Reovirales;f__Spinareoviridae;g__Orthoreovirus;s__Phocid orthoreovirus 1	Arthropoda
CALSFZ01_EVE053	low	23	maybe-viral (19), non-viral (1), viral (1)	uncharacterized protein (19), annotated protein of Eukaryota (1), VDB (1)	CALSFZ010000064.1_11291-11394:+	1.77e-9	90	Uncharacterized protein n=17 Tax=Bilateria  RepID=A0A9D4RU23_DREPO	Sigma 2 [Phocid orthoreovirus 1] acc=QJE50384.1 	k__Viruses;K__Orthornavirae;p__Duplornaviricota;c__Resentoviricetes;o__Reovirales;f__Spinareoviridae;g__Orthoreovirus;s__Phocid orthoreovirus 1	Arthropoda
CALSFZ01_EVE054	low	23	maybe-viral (19), non-viral (1), viral (1)	uncharacterized protein (19), annotated protein of Eukaryota (1), VDB (1)	CALSFZ010000066.1_108372-108475:-	1.77e-9	90	Uncharacterized protein n=17 Tax=Bilateria  RepID=A0A9D4RU23_DREPO	Sigma 2 [Phocid orthoreovirus 1] acc=QJE50384.1 	k__Viruses;K__Orthornavirae;p__Duplornaviricota;c__Resentoviricetes;o__Reovirales;f__Spinareoviridae;g__Orthoreovirus;s__Phocid orthoreovirus 1	Arthropoda
CALSFZ01_EVE055	low	23	maybe-viral (19), non-viral (1), viral (1)	uncharacterized protein (19), annotated protein of Eukaryota (1), VDB (1)	CALSFZ010000066.1_134586-134689:-	1.77e-9	90	Uncharacterized protein n=17 Tax=Bilateria  RepID=A0A9D4RU23_DREPO	Sigma 2 [Phocid orthoreovirus 1] acc=QJE50384.1 	k__Viruses;K__Orthornavirae;p__Duplornaviricota;c__Resentoviricetes;o__Reovirales;f__Spinareoviridae;g__Orthoreovirus;s__Phocid orthoreovirus 1	Arthropoda
CALSFZ01_EVE056	low	23	maybe-viral (19), non-viral (1), viral (1)	uncharacterized protein (19), annotated protein of Eukaryota (1), VDB (1)	CALSFZ010000066.1_19901-20004:-	1.77e-9	90	Uncharacterized protein n=17 Tax=Bilateria  RepID=A0A9D4RU23_DREPO	Sigma 2 [Phocid orthoreovirus 1] acc=QJE50384.1 	k__Viruses;K__Orthornavirae;p__Duplornaviricota;c__Resentoviricetes;o__Reovirales;f__Spinareoviridae;g__Orthoreovirus;s__Phocid orthoreovirus 1	Arthropoda
CALSFZ01_EVE057	low	23	maybe-viral (19), non-viral (1), viral (1)	uncharacterized protein (19), annotated protein of Eukaryota (1), VDB (1)	CALSFZ010000066.1_216116-216219:-	1.77e-9	90	Uncharacterized protein n=17 Tax=Bilateria  RepID=A0A9D4RU23_DREPO	Sigma 2 [Phocid orthoreovirus 1] acc=QJE50384.1 	k__Viruses;K__Orthornavirae;p__Duplornaviricota;c__Resentoviricetes;o__Reovirales;f__Spinareoviridae;g__Orthoreovirus;s__Phocid orthoreovirus 1	Arthropoda
CALSFZ01_EVE058	low	23	maybe-viral (19), non-viral (1), viral (1)	uncharacterized protein (19), annotated protein of Eukaryota (1), VDB (1)	CALSFZ010000066.1_241142-241245:-	1.77e-9	90	Uncharacterized protein n=17 Tax=Bilateria  RepID=A0A9D4RU23_DREPO	Sigma 2 [Phocid orthoreovirus 1] acc=QJE50384.1 	k__Viruses;K__Orthornavirae;p__Duplornaviricota;c__Resentoviricetes;o__Reovirales;f__Spinareoviridae;g__Orthoreovirus;s__Phocid orthoreovirus 1	Arthropoda
CALSFZ01_EVE059	low	23	maybe-viral (19), non-viral (1), viral (1)	uncharacterized protein (19), annotated protein of Eukaryota (1), VDB (1)	CALSFZ010000066.1_258614-258717:-	1.77e-9	90	Uncharacterized protein n=17 Tax=Bilateria  RepID=A0A9D4RU23_DREPO	Sigma 2 [Phocid orthoreovirus 1] acc=QJE50384.1 	k__Viruses;K__Orthornavirae;p__Duplornaviricota;c__Resentoviricetes;o__Reovirales;f__Spinareoviridae;g__Orthoreovirus;s__Phocid orthoreovirus 1	Arthropoda
CALSFZ01_EVE060	low	23	maybe-viral (19), non-viral (1), viral (1)	uncharacterized protein (19), annotated protein of Eukaryota (1), VDB (1)	CALSFZ010000066.1_272408-272511:-	1.77e-9	90	Uncharacterized protein n=17 Tax=Bilateria  RepID=A0A9D4RU23_DREPO	Sigma 2 [Phocid orthoreovirus 1] acc=QJE50384.1 	k__Viruses;K__Orthornavirae;p__Duplornaviricota;c__Resentoviricetes;o__Reovirales;f__Spinareoviridae;g__Orthoreovirus;s__Phocid orthoreovirus 1	Arthropoda
CALSFZ01_EVE061	low	23	maybe-viral (19), non-viral (1), viral (1)	uncharacterized protein (19), annotated protein of Eukaryota (1), VDB (1)	CALSFZ010000066.1_4778-4881:-	1.77e-9	90	Uncharacterized protein n=17 Tax=Bilateria  RepID=A0A9D4RU23_DREPO	Sigma 2 [Phocid orthoreovirus 1] acc=QJE50384.1 	k__Viruses;K__Orthornavirae;p__Duplornaviricota;c__Resentoviricetes;o__Reovirales;f__Spinareoviridae;g__Orthoreovirus;s__Phocid orthoreovirus 1	Arthropoda
CALSFZ01_EVE062	low	23	maybe-viral (19), non-viral (1), viral (1)	uncharacterized protein (19), annotated protein of Eukaryota (1), VDB (1)	CALSFZ010000069.1_106909-107012:-	1.77e-9	90	Uncharacterized protein n=17 Tax=Bilateria  RepID=A0A9D4RU23_DREPO	Sigma 2 [Phocid orthoreovirus 1] acc=QJE50384.1 	k__Viruses;K__Orthornavirae;p__Duplornaviricota;c__Resentoviricetes;o__Reovirales;f__Spinareoviridae;g__Orthoreovirus;s__Phocid orthoreovirus 1	Arthropoda
CALSFZ01_EVE063	low	23	maybe-viral (19), non-viral (1), viral (1)	uncharacterized protein (19), annotated protein of Eukaryota (1), VDB (1)	CALSFZ010000069.1_126311-126414:-	1.77e-9	90	Uncharacterized protein n=17 Tax=Bilateria  RepID=A0A9D4RU23_DREPO	Sigma 2 [Phocid orthoreovirus 1] acc=QJE50384.1 	k__Viruses;K__Orthornavirae;p__Duplornaviricota;c__Resentoviricetes;o__Reovirales;f__Spinareoviridae;g__Orthoreovirus;s__Phocid orthoreovirus 1	Arthropoda
CALSFZ01_EVE064	low	23	maybe-viral (19), non-viral (1), viral (1)	uncharacterized protein (19), annotated protein of Eukaryota (1), VDB (1)	CALSFZ010000069.1_27590-27693:-	1.77e-9	90	Uncharacterized protein n=17 Tax=Bilateria  RepID=A0A9D4RU23_DREPO	Sigma 2 [Phocid orthoreovirus 1] acc=QJE50384.1 	k__Viruses;K__Orthornavirae;p__Duplornaviricota;c__Resentoviricetes;o__Reovirales;f__Spinareoviridae;g__Orthoreovirus;s__Phocid orthoreovirus 1	Arthropoda
CALSFZ01_EVE065	low	23	maybe-viral (19), non-viral (1), viral (1)	uncharacterized protein (19), annotated protein of Eukaryota (1), VDB (1)	CALSFZ010000069.1_4077-4180:-	1.77e-9	90	Uncharacterized protein n=17 Tax=Bilateria  RepID=A0A9D4RU23_DREPO	Sigma 2 [Phocid orthoreovirus 1] acc=QJE50384.1 	k__Viruses;K__Orthornavirae;p__Duplornaviricota;c__Resentoviricetes;o__Reovirales;f__Spinareoviridae;g__Orthoreovirus;s__Phocid orthoreovirus 1	Arthropoda
CALSFZ01_EVE066	low	23	maybe-viral (19), non-viral (1), viral (1)	uncharacterized protein (19), annotated protein of Eukaryota (1), VDB (1)	CALSFZ010000069.1_54552-54655:-	1.77e-9	90	Uncharacterized protein n=17 Tax=Bilateria  RepID=A0A9D4RU23_DREPO	Sigma 2 [Phocid orthoreovirus 1] acc=QJE50384.1 	k__Viruses;K__Orthornavirae;p__Duplornaviricota;c__Resentoviricetes;o__Reovirales;f__Spinareoviridae;g__Orthoreovirus;s__Phocid orthoreovirus 1	Arthropoda
CALSFZ01_EVE067	low	23	maybe-viral (19), non-viral (1), viral (1)	uncharacterized protein (19), annotated protein of Eukaryota (1), VDB (1)	CALSFZ010000069.1_79280-79383:-	1.77e-9	90	Uncharacterized protein n=17 Tax=Bilateria  RepID=A0A9D4RU23_DREPO	Sigma 2 [Phocid orthoreovirus 1] acc=QJE50384.1 	k__Viruses;K__Orthornavirae;p__Duplornaviricota;c__Resentoviricetes;o__Reovirales;f__Spinareoviridae;g__Orthoreovirus;s__Phocid orthoreovirus 1	Arthropoda
CALSFZ01_EVE068	low	23	maybe-viral (19), non-viral (1), viral (1)	uncharacterized protein (19), annotated protein of Eukaryota (1), VDB (1)	CALSFZ010000074.1_27712-27815:-	1.77e-9	90	Uncharacterized protein n=17 Tax=Bilateria  RepID=A0A9D4RU23_DREPO	Sigma 2 [Phocid orthoreovirus 1] acc=QJE50384.1 	k__Viruses;K__Orthornavirae;p__Duplornaviricota;c__Resentoviricetes;o__Reovirales;f__Spinareoviridae;g__Orthoreovirus;s__Phocid orthoreovirus 1	Arthropoda
CALSFZ01_EVE069	low	23	maybe-viral (19), non-viral (1), viral (1)	uncharacterized protein (19), annotated protein of Eukaryota (1), VDB (1)	CALSFZ010000074.1_59362-59465:-	1.77e-9	90	Uncharacterized protein n=17 Tax=Bilateria  RepID=A0A9D4RU23_DREPO	Sigma 2 [Phocid orthoreovirus 1] acc=QJE50384.1 	k__Viruses;K__Orthornavirae;p__Duplornaviricota;c__Resentoviricetes;o__Reovirales;f__Spinareoviridae;g__Orthoreovirus;s__Phocid orthoreovirus 1	Arthropoda
CALSFZ01_EVE070	low	23	maybe-viral (19), non-viral (1), viral (1)	uncharacterized protein (19), annotated protein of Eukaryota (1), VDB (1)	CALSFZ010000074.1_86294-86397:-	1.77e-9	90	Uncharacterized protein n=17 Tax=Bilateria  RepID=A0A9D4RU23_DREPO	Sigma 2 [Phocid orthoreovirus 1] acc=QJE50384.1 	k__Viruses;K__Orthornavirae;p__Duplornaviricota;c__Resentoviricetes;o__Reovirales;f__Spinareoviridae;g__Orthoreovirus;s__Phocid orthoreovirus 1	Arthropoda
CALSFZ01_EVE071	low	23	maybe-viral (19), non-viral (1), viral (1)	uncharacterized protein (19), annotated protein of Eukaryota (1), VDB (1)	CALSFZ010000075.1_55614-55717:+	1.77e-9	90	Uncharacterized protein n=17 Tax=Bilateria  RepID=A0A9D4RU23_DREPO	Sigma 2 [Phocid orthoreovirus 1] acc=QJE50384.1 	k__Viruses;K__Orthornavirae;p__Duplornaviricota;c__Resentoviricetes;o__Reovirales;f__Spinareoviridae;g__Orthoreovirus;s__Phocid orthoreovirus 1	Arthropoda
CALSFZ01_EVE072	low	23	maybe-viral (19), non-viral (1), viral (1)	uncharacterized protein (19), annotated protein of Eukaryota (1), VDB (1)	CALSFZ010000075.1_6523-6626:+	1.77e-9	90	Uncharacterized protein n=17 Tax=Bilateria  RepID=A0A9D4RU23_DREPO	Sigma 2 [Phocid orthoreovirus 1] acc=QJE50384.1 	k__Viruses;K__Orthornavirae;p__Duplornaviricota;c__Resentoviricetes;o__Reovirales;f__Spinareoviridae;g__Orthoreovirus;s__Phocid orthoreovirus 1	Arthropoda
CALSFZ01_EVE073	low	23	maybe-viral (19), non-viral (1), viral (1)	uncharacterized protein (19), annotated protein of Eukaryota (1), VDB (1)	CALSFZ010000076.1_114079-114182:-	1.77e-9	90	Uncharacterized protein n=17 Tax=Bilateria  RepID=A0A9D4RU23_DREPO	Sigma 2 [Phocid orthoreovirus 1] acc=QJE50384.1 	k__Viruses;K__Orthornavirae;p__Duplornaviricota;c__Resentoviricetes;o__Reovirales;f__Spinareoviridae;g__Orthoreovirus;s__Phocid orthoreovirus 1	Arthropoda
CALSFZ01_EVE074	low	23	maybe-viral (19), non-viral (1), viral (1)	uncharacterized protein (19), annotated protein of Eukaryota (1), VDB (1)	CALSFZ010000076.1_135155-135258:-	1.77e-9	90	Uncharacterized protein n=17 Tax=Bilateria  RepID=A0A9D4RU23_DREPO	Sigma 2 [Phocid orthoreovirus 1] acc=QJE50384.1 	k__Viruses;K__Orthornavirae;p__Duplornaviricota;c__Resentoviricetes;o__Reovirales;f__Spinareoviridae;g__Orthoreovirus;s__Phocid orthoreovirus 1	Arthropoda
CALSFZ01_EVE075	low	23	maybe-viral (19), non-viral (1), viral (1)	uncharacterized protein (19), annotated protein of Eukaryota (1), VDB (1)	CALSFZ010000076.1_159807-159910:-	1.77e-9	90	Uncharacterized protein n=17 Tax=Bilateria  RepID=A0A9D4RU23_DREPO	Sigma 2 [Phocid orthoreovirus 1] acc=QJE50384.1 	k__Viruses;K__Orthornavirae;p__Duplornaviricota;c__Resentoviricetes;o__Reovirales;f__Spinareoviridae;g__Orthoreovirus;s__Phocid orthoreovirus 1	Arthropoda
CALSFZ01_EVE076	low	23	maybe-viral (19), non-viral (1), viral (1)	uncharacterized protein (19), annotated protein of Eukaryota (1), VDB (1)	CALSFZ010000076.1_52131-52234:-	1.77e-9	90	Uncharacterized protein n=17 Tax=Bilateria  RepID=A0A9D4RU23_DREPO	Sigma 2 [Phocid orthoreovirus 1] acc=QJE50384.1 	k__Viruses;K__Orthornavirae;p__Duplornaviricota;c__Resentoviricetes;o__Reovirales;f__Spinareoviridae;g__Orthoreovirus;s__Phocid orthoreovirus 1	Arthropoda
CALSFZ01_EVE077	low	23	maybe-viral (19), non-viral (1), viral (1)	uncharacterized protein (19), annotated protein of Eukaryota (1), VDB (1)	CALSFZ010000076.1_69712-69815:-	1.77e-9	90	Uncharacterized protein n=17 Tax=Bilateria  RepID=A0A9D4RU23_DREPO	Sigma 2 [Phocid orthoreovirus 1] acc=QJE50384.1 	k__Viruses;K__Orthornavirae;p__Duplornaviricota;c__Resentoviricetes;o__Reovirales;f__Spinareoviridae;g__Orthoreovirus;s__Phocid orthoreovirus 1	Arthropoda
CALSFZ01_EVE078	low	23	maybe-viral (19), non-viral (1), viral (1)	uncharacterized protein (19), annotated protein of Eukaryota (1), VDB (1)	CALSFZ010000077.1_11872-11975:-	1.77e-9	90	Uncharacterized protein n=17 Tax=Bilateria  RepID=A0A9D4RU23_DREPO	Sigma 2 [Phocid orthoreovirus 1] acc=QJE50384.1 	k__Viruses;K__Orthornavirae;p__Duplornaviricota;c__Resentoviricetes;o__Reovirales;f__Spinareoviridae;g__Orthoreovirus;s__Phocid orthoreovirus 1	Arthropoda
CALSFZ01_EVE079	low	23	maybe-viral (19), non-viral (1), viral (1)	uncharacterized protein (19), annotated protein of Eukaryota (1), VDB (1)	CALSFZ010000077.1_23333-23436:-	1.77e-9	90	Uncharacterized protein n=17 Tax=Bilateria  RepID=A0A9D4RU23_DREPO	Sigma 2 [Phocid orthoreovirus 1] acc=QJE50384.1 	k__Viruses;K__Orthornavirae;p__Duplornaviricota;c__Resentoviricetes;o__Reovirales;f__Spinareoviridae;g__Orthoreovirus;s__Phocid orthoreovirus 1	Arthropoda
CALSFZ01_EVE080	low	23	maybe-viral (19), non-viral (1), viral (1)	uncharacterized protein (19), annotated protein of Eukaryota (1), VDB (1)	CALSFZ010000089.1_109707-109810:+	1.77e-9	90	Uncharacterized protein n=17 Tax=Bilateria  RepID=A0A9D4RU23_DREPO	Sigma 2 [Phocid orthoreovirus 1] acc=QJE50384.1 	k__Viruses;K__Orthornavirae;p__Duplornaviricota;c__Resentoviricetes;o__Reovirales;f__Spinareoviridae;g__Orthoreovirus;s__Phocid orthoreovirus 1	Arthropoda
CALSFZ01_EVE081	low	23	maybe-viral (19), non-viral (1), viral (1)	uncharacterized protein (19), annotated protein of Eukaryota (1), VDB (1)	CALSFZ010000089.1_22248-22351:+	1.77e-9	90	Uncharacterized protein n=17 Tax=Bilateria  RepID=A0A9D4RU23_DREPO	Sigma 2 [Phocid orthoreovirus 1] acc=QJE50384.1 	k__Viruses;K__Orthornavirae;p__Duplornaviricota;c__Resentoviricetes;o__Reovirales;f__Spinareoviridae;g__Orthoreovirus;s__Phocid orthoreovirus 1	Arthropoda
CALSFZ01_EVE082	low	23	maybe-viral (19), non-viral (1), viral (1)	uncharacterized protein (19), annotated protein of Eukaryota (1), VDB (1)	CALSFZ010000089.1_38314-38417:+	1.77e-9	90	Uncharacterized protein n=17 Tax=Bilateria  RepID=A0A9D4RU23_DREPO	Sigma 2 [Phocid orthoreovirus 1] acc=QJE50384.1 	k__Viruses;K__Orthornavirae;p__Duplornaviricota;c__Resentoviricetes;o__Reovirales;f__Spinareoviridae;g__Orthoreovirus;s__Phocid orthoreovirus 1	Arthropoda
CALSFZ01_EVE083	low	23	maybe-viral (19), non-viral (1), viral (1)	uncharacterized protein (19), annotated protein of Eukaryota (1), VDB (1)	CALSFZ010000089.1_64899-65002:+	1.77e-9	90	Uncharacterized protein n=17 Tax=Bilateria  RepID=A0A9D4RU23_DREPO	Sigma 2 [Phocid orthoreovirus 1] acc=QJE50384.1 	k__Viruses;K__Orthornavirae;p__Duplornaviricota;c__Resentoviricetes;o__Reovirales;f__Spinareoviridae;g__Orthoreovirus;s__Phocid orthoreovirus 1	Arthropoda
CALSFZ01_EVE084	low	23	maybe-viral (19), non-viral (1), viral (1)	uncharacterized protein (19), annotated protein of Eukaryota (1), VDB (1)	CALSFZ010000089.1_93632-93735:+	1.77e-9	90	Uncharacterized protein n=17 Tax=Bilateria  RepID=A0A9D4RU23_DREPO	Sigma 2 [Phocid orthoreovirus 1] acc=QJE50384.1 	k__Viruses;K__Orthornavirae;p__Duplornaviricota;c__Resentoviricetes;o__Reovirales;f__Spinareoviridae;g__Orthoreovirus;s__Phocid orthoreovirus 1	Arthropoda
CALSFZ01_EVE085	low	23	maybe-viral (19), non-viral (1), viral (1)	uncharacterized protein (19), annotated protein of Eukaryota (1), VDB (1)	CALSFZ010000095.1_19463-19566:+	1.77e-9	90	Uncharacterized protein n=17 Tax=Bilateria  RepID=A0A9D4RU23_DREPO	Sigma 2 [Phocid orthoreovirus 1] acc=QJE50384.1 	k__Viruses;K__Orthornavirae;p__Duplornaviricota;c__Resentoviricetes;o__Reovirales;f__Spinareoviridae;g__Orthoreovirus;s__Phocid orthoreovirus 1	Arthropoda
CALSFZ01_EVE086	low	23	maybe-viral (19), non-viral (1), viral (1)	uncharacterized protein (19), annotated protein of Eukaryota (1), VDB (1)	CALSFZ010000095.1_53160-53263:+	1.77e-9	90	Uncharacterized protein n=17 Tax=Bilateria  RepID=A0A9D4RU23_DREPO	Sigma 2 [Phocid orthoreovirus 1] acc=QJE50384.1 	k__Viruses;K__Orthornavirae;p__Duplornaviricota;c__Resentoviricetes;o__Reovirales;f__Spinareoviridae;g__Orthoreovirus;s__Phocid orthoreovirus 1	Arthropoda
CALSFZ01_EVE087	low	23	maybe-viral (19), non-viral (1), viral (1)	uncharacterized protein (19), annotated protein of Eukaryota (1), VDB (1)	CALSFZ010000095.1_98743-98846:+	1.77e-9	90	Uncharacterized protein n=17 Tax=Bilateria  RepID=A0A9D4RU23_DREPO	Sigma 2 [Phocid orthoreovirus 1] acc=QJE50384.1 	k__Viruses;K__Orthornavirae;p__Duplornaviricota;c__Resentoviricetes;o__Reovirales;f__Spinareoviridae;g__Orthoreovirus;s__Phocid orthoreovirus 1	Arthropoda
CALSFZ01_EVE088	low	23	maybe-viral (19), non-viral (1), viral (1)	uncharacterized protein (19), annotated protein of Eukaryota (1), VDB (1)	CALSFZ010000098.1_26370-26473:+	1.77e-9	90	Uncharacterized protein n=17 Tax=Bilateria  RepID=A0A9D4RU23_DREPO	Sigma 2 [Phocid orthoreovirus 1] acc=QJE50384.1 	k__Viruses;K__Orthornavirae;p__Duplornaviricota;c__Resentoviricetes;o__Reovirales;f__Spinareoviridae;g__Orthoreovirus;s__Phocid orthoreovirus 1	Arthropoda
CALSFZ01_EVE089	low	23	maybe-viral (19), non-viral (1), viral (1)	uncharacterized protein (19), annotated protein of Eukaryota (1), VDB (1)	CALSFZ010000098.1_502-605:+	1.77e-9	90	Uncharacterized protein n=17 Tax=Bilateria  RepID=A0A9D4RU23_DREPO	Sigma 2 [Phocid orthoreovirus 1] acc=QJE50384.1 	k__Viruses;K__Orthornavirae;p__Duplornaviricota;c__Resentoviricetes;o__Reovirales;f__Spinareoviridae;g__Orthoreovirus;s__Phocid orthoreovirus 1	Arthropoda
CALSFZ01_EVE090	low	23	maybe-viral (19), non-viral (1), viral (1)	uncharacterized protein (19), annotated protein of Eukaryota (1), VDB (1)	CALSFZ010000106.1_7217-7320:-	1.77e-9	90	Uncharacterized protein n=17 Tax=Bilateria  RepID=A0A9D4RU23_DREPO	Sigma 2 [Phocid orthoreovirus 1] acc=QJE50384.1 	k__Viruses;K__Orthornavirae;p__Duplornaviricota;c__Resentoviricetes;o__Reovirales;f__Spinareoviridae;g__Orthoreovirus;s__Phocid orthoreovirus 1	Arthropoda
CALSFZ01_EVE091	low	23	maybe-viral (19), non-viral (1), viral (1)	uncharacterized protein (19), annotated protein of Eukaryota (1), VDB (1)	CALSFZ010000109.1_122913-123016:-	1.77e-9	90	Uncharacterized protein n=17 Tax=Bilateria  RepID=A0A9D4RU23_DREPO	Sigma 2 [Phocid orthoreovirus 1] acc=QJE50384.1 	k__Viruses;K__Orthornavirae;p__Duplornaviricota;c__Resentoviricetes;o__Reovirales;f__Spinareoviridae;g__Orthoreovirus;s__Phocid orthoreovirus 1	Arthropoda
CALSFZ01_EVE092	low	23	maybe-viral (19), non-viral (1), viral (1)	uncharacterized protein (19), annotated protein of Eukaryota (1), VDB (1)	CALSFZ010000109.1_146791-146894:-	1.77e-9	90	Uncharacterized protein n=17 Tax=Bilateria  RepID=A0A9D4RU23_DREPO	Sigma 2 [Phocid orthoreovirus 1] acc=QJE50384.1 	k__Viruses;K__Orthornavirae;p__Duplornaviricota;c__Resentoviricetes;o__Reovirales;f__Spinareoviridae;g__Orthoreovirus;s__Phocid orthoreovirus 1	Arthropoda
CALSFZ01_EVE093	low	23	maybe-viral (19), non-viral (1), viral (1)	uncharacterized protein (19), annotated protein of Eukaryota (1), VDB (1)	CALSFZ010000109.1_23324-23427:-	1.77e-9	90	Uncharacterized protein n=17 Tax=Bilateria  RepID=A0A9D4RU23_DREPO	Sigma 2 [Phocid orthoreovirus 1] acc=QJE50384.1 	k__Viruses;K__Orthornavirae;p__Duplornaviricota;c__Resentoviricetes;o__Reovirales;f__Spinareoviridae;g__Orthoreovirus;s__Phocid orthoreovirus 1	Arthropoda
CALSFZ01_EVE094	low	23	maybe-viral (19), non-viral (1), viral (1)	uncharacterized protein (19), annotated protein of Eukaryota (1), VDB (1)	CALSFZ010000109.1_66310-66413:-	1.77e-9	90	Uncharacterized protein n=17 Tax=Bilateria  RepID=A0A9D4RU23_DREPO	Sigma 2 [Phocid orthoreovirus 1] acc=QJE50384.1 	k__Viruses;K__Orthornavirae;p__Duplornaviricota;c__Resentoviricetes;o__Reovirales;f__Spinareoviridae;g__Orthoreovirus;s__Phocid orthoreovirus 1	Arthropoda
CALSFZ01_EVE095	low	23	maybe-viral (19), non-viral (1), viral (1)	uncharacterized protein (19), annotated protein of Eukaryota (1), VDB (1)	CALSFZ010000109.1_95875-95978:-	1.77e-9	90	Uncharacterized protein n=17 Tax=Bilateria  RepID=A0A9D4RU23_DREPO	Sigma 2 [Phocid orthoreovirus 1] acc=QJE50384.1 	k__Viruses;K__Orthornavirae;p__Duplornaviricota;c__Resentoviricetes;o__Reovirales;f__Spinareoviridae;g__Orthoreovirus;s__Phocid orthoreovirus 1	Arthropoda
CALSFZ01_EVE096	low	23	maybe-viral (19), non-viral (1), viral (1)	uncharacterized protein (19), annotated protein of Eukaryota (1), VDB (1)	CALSFZ010000117.1_10976-11079:+	1.77e-9	90	Uncharacterized protein n=17 Tax=Bilateria  RepID=A0A9D4RU23_DREPO	Sigma 2 [Phocid orthoreovirus 1] acc=QJE50384.1 	k__Viruses;K__Orthornavirae;p__Duplornaviricota;c__Resentoviricetes;o__Reovirales;f__Spinareoviridae;g__Orthoreovirus;s__Phocid orthoreovirus 1	Arthropoda
CALSFZ01_EVE097	low	23	maybe-viral (19), non-viral (1), viral (1)	uncharacterized protein (19), annotated protein of Eukaryota (1), VDB (1)	CALSFZ010000124.1_9755-9858:+	1.77e-9	90	Uncharacterized protein n=17 Tax=Bilateria  RepID=A0A9D4RU23_DREPO	Sigma 2 [Phocid orthoreovirus 1] acc=QJE50384.1 	k__Viruses;K__Orthornavirae;p__Duplornaviricota;c__Resentoviricetes;o__Reovirales;f__Spinareoviridae;g__Orthoreovirus;s__Phocid orthoreovirus 1	Arthropoda
CALSFZ01_EVE098	low	23	maybe-viral (19), non-viral (1), viral (1)	uncharacterized protein (19), annotated protein of Eukaryota (1), VDB (1)	CALSFZ010000127.1_120168-120271:+	1.77e-9	90	Uncharacterized protein n=17 Tax=Bilateria  RepID=A0A9D4RU23_DREPO	Sigma 2 [Phocid orthoreovirus 1] acc=QJE50384.1 	k__Viruses;K__Orthornavirae;p__Duplornaviricota;c__Resentoviricetes;o__Reovirales;f__Spinareoviridae;g__Orthoreovirus;s__Phocid orthoreovirus 1	Arthropoda
CALSFZ01_EVE099	low	23	maybe-viral (19), non-viral (1), viral (1)	uncharacterized protein (19), annotated protein of Eukaryota (1), VDB (1)	CALSFZ010000127.1_151063-151166:+	1.77e-9	90	Uncharacterized protein n=17 Tax=Bilateria  RepID=A0A9D4RU23_DREPO	Sigma 2 [Phocid orthoreovirus 1] acc=QJE50384.1 	k__Viruses;K__Orthornavirae;p__Duplornaviricota;c__Resentoviricetes;o__Reovirales;f__Spinareoviridae;g__Orthoreovirus;s__Phocid orthoreovirus 1	Arthropoda
CALSFZ01_EVE100	low	23	maybe-viral (19), non-viral (1), viral (1)	uncharacterized protein (19), annotated protein of Eukaryota (1), VDB (1)	CALSFZ010000127.1_173570-173673:+	1.77e-9	90	Uncharacterized protein n=17 Tax=Bilateria  RepID=A0A9D4RU23_DREPO	Sigma 2 [Phocid orthoreovirus 1] acc=QJE50384.1 	k__Viruses;K__Orthornavirae;p__Duplornaviricota;c__Resentoviricetes;o__Reovirales;f__Spinareoviridae;g__Orthoreovirus;s__Phocid orthoreovirus 1	Arthropoda
CALSFZ01_EVE101	low	23	maybe-viral (19), non-viral (1), viral (1)	uncharacterized protein (19), annotated protein of Eukaryota (1), VDB (1)	CALSFZ010000127.1_18529-18632:+	1.77e-9	90	Uncharacterized protein n=17 Tax=Bilateria  RepID=A0A9D4RU23_DREPO	Sigma 2 [Phocid orthoreovirus 1] acc=QJE50384.1 	k__Viruses;K__Orthornavirae;p__Duplornaviricota;c__Resentoviricetes;o__Reovirales;f__Spinareoviridae;g__Orthoreovirus;s__Phocid orthoreovirus 1	Arthropoda
CALSFZ01_EVE102	low	23	maybe-viral (19), non-viral (1), viral (1)	uncharacterized protein (19), annotated protein of Eukaryota (1), VDB (1)	CALSFZ010000127.1_37477-37580:+	1.77e-9	90	Uncharacterized protein n=17 Tax=Bilateria  RepID=A0A9D4RU23_DREPO	Sigma 2 [Phocid orthoreovirus 1] acc=QJE50384.1 	k__Viruses;K__Orthornavirae;p__Duplornaviricota;c__Resentoviricetes;o__Reovirales;f__Spinareoviridae;g__Orthoreovirus;s__Phocid orthoreovirus 1	Arthropoda
CALSFZ01_EVE103	low	23	maybe-viral (19), non-viral (1), viral (1)	uncharacterized protein (19), annotated protein of Eukaryota (1), VDB (1)	CALSFZ010000127.1_74403-74506:+	1.77e-9	90	Uncharacterized protein n=17 Tax=Bilateria  RepID=A0A9D4RU23_DREPO	Sigma 2 [Phocid orthoreovirus 1] acc=QJE50384.1 	k__Viruses;K__Orthornavirae;p__Duplornaviricota;c__Resentoviricetes;o__Reovirales;f__Spinareoviridae;g__Orthoreovirus;s__Phocid orthoreovirus 1	Arthropoda
CALSFZ01_EVE104	low	23	maybe-viral (19), non-viral (1), viral (1)	uncharacterized protein (19), annotated protein of Eukaryota (1), VDB (1)	CALSFZ010000133.1_19201-19304:+	1.77e-9	90	Uncharacterized protein n=17 Tax=Bilateria  RepID=A0A9D4RU23_DREPO	Sigma 2 [Phocid orthoreovirus 1] acc=QJE50384.1 	k__Viruses;K__Orthornavirae;p__Duplornaviricota;c__Resentoviricetes;o__Reovirales;f__Spinareoviridae;g__Orthoreovirus;s__Phocid orthoreovirus 1	Arthropoda
CALSFZ01_EVE105	low	23	maybe-viral (19), non-viral (1), viral (1)	uncharacterized protein (19), annotated protein of Eukaryota (1), VDB (1)	CALSFZ010000139.1_11083-11186:-	1.77e-9	90	Uncharacterized protein n=17 Tax=Bilateria  RepID=A0A9D4RU23_DREPO	Sigma 2 [Phocid orthoreovirus 1] acc=QJE50384.1 	k__Viruses;K__Orthornavirae;p__Duplornaviricota;c__Resentoviricetes;o__Reovirales;f__Spinareoviridae;g__Orthoreovirus;s__Phocid orthoreovirus 1	Arthropoda
CALSFZ01_EVE106	low	23	maybe-viral (19), non-viral (1), viral (1)	uncharacterized protein (19), annotated protein of Eukaryota (1), VDB (1)	CALSFZ010000139.1_37131-37234:-	1.77e-9	90	Uncharacterized protein n=17 Tax=Bilateria  RepID=A0A9D4RU23_DREPO	Sigma 2 [Phocid orthoreovirus 1] acc=QJE50384.1 	k__Viruses;K__Orthornavirae;p__Duplornaviricota;c__Resentoviricetes;o__Reovirales;f__Spinareoviridae;g__Orthoreovirus;s__Phocid orthoreovirus 1	Arthropoda
CALSFZ01_EVE107	low	23	maybe-viral (19), non-viral (1), viral (1)	uncharacterized protein (19), annotated protein of Eukaryota (1), VDB (1)	CALSFZ010000139.1_55358-55461:-	1.77e-9	90	Uncharacterized protein n=17 Tax=Bilateria  RepID=A0A9D4RU23_DREPO	Sigma 2 [Phocid orthoreovirus 1] acc=QJE50384.1 	k__Viruses;K__Orthornavirae;p__Duplornaviricota;c__Resentoviricetes;o__Reovirales;f__Spinareoviridae;g__Orthoreovirus;s__Phocid orthoreovirus 1	Arthropoda
CALSFZ01_EVE108	low	23	maybe-viral (19), non-viral (1), viral (1)	uncharacterized protein (19), annotated protein of Eukaryota (1), VDB (1)	CALSFZ010000139.1_89780-89883:-	1.77e-9	90	Uncharacterized protein n=17 Tax=Bilateria  RepID=A0A9D4RU23_DREPO	Sigma 2 [Phocid orthoreovirus 1] acc=QJE50384.1 	k__Viruses;K__Orthornavirae;p__Duplornaviricota;c__Resentoviricetes;o__Reovirales;f__Spinareoviridae;g__Orthoreovirus;s__Phocid orthoreovirus 1	Arthropoda
CALSFZ01_EVE109	low	23	maybe-viral (19), non-viral (1), viral (1)	uncharacterized protein (19), annotated protein of Eukaryota (1), VDB (1)	CALSFZ010000140.1_22261-22364:+	1.77e-9	90	Uncharacterized protein n=17 Tax=Bilateria  RepID=A0A9D4RU23_DREPO	Sigma 2 [Phocid orthoreovirus 1] acc=QJE50384.1 	k__Viruses;K__Orthornavirae;p__Duplornaviricota;c__Resentoviricetes;o__Reovirales;f__Spinareoviridae;g__Orthoreovirus;s__Phocid orthoreovirus 1	Arthropoda
CALSFZ01_EVE110	low	23	maybe-viral (19), non-viral (1), viral (1)	uncharacterized protein (19), annotated protein of Eukaryota (1), VDB (1)	CALSFZ010000140.1_42169-42272:+	1.77e-9	90	Uncharacterized protein n=17 Tax=Bilateria  RepID=A0A9D4RU23_DREPO	Sigma 2 [Phocid orthoreovirus 1] acc=QJE50384.1 	k__Viruses;K__Orthornavirae;p__Duplornaviricota;c__Resentoviricetes;o__Reovirales;f__Spinareoviridae;g__Orthoreovirus;s__Phocid orthoreovirus 1	Arthropoda
CALSFZ01_EVE111	low	23	maybe-viral (19), non-viral (1), viral (1)	uncharacterized protein (19), annotated protein of Eukaryota (1), VDB (1)	CALSFZ010000147.1_18134-18237:+	1.77e-9	90	Uncharacterized protein n=17 Tax=Bilateria  RepID=A0A9D4RU23_DREPO	Sigma 2 [Phocid orthoreovirus 1] acc=QJE50384.1 	k__Viruses;K__Orthornavirae;p__Duplornaviricota;c__Resentoviricetes;o__Reovirales;f__Spinareoviridae;g__Orthoreovirus;s__Phocid orthoreovirus 1	Arthropoda
CALSFZ01_EVE112	low	23	maybe-viral (9), retro (5), non-viral (4), viral (3)	uncharacterized protein (7), retro (5), annotated protein of Eukaryota (3), VDB (3), annotated protein of unclassified root superkingdom (1), hypothetical protein (1), polyprotein protein (1)	CALSFZ010000150.1_139311-139550:+	6.449999999999999e-31	65.4	pol-like protein [Ceratitis capitata] acc=AAC28743.1 	polyprotein [Chibugado virus] acc=QHA33695.1 	k__Viruses;K__Pararnavirae;p__Artverviricota;c__Revtraviricetes;o__Ortervirales;f__Metaviridae;g__unclassified Metaviridae genus;s__Chibugado virus	Arthropoda
CALSFZ01_EVE113	low	23	maybe-viral (19), non-viral (1), viral (1)	uncharacterized protein (19), annotated protein of Eukaryota (1), VDB (1)	CALSFZ010000163.1_24424-24527:+	1.77e-9	90	Uncharacterized protein n=17 Tax=Bilateria  RepID=A0A9D4RU23_DREPO	Sigma 2 [Phocid orthoreovirus 1] acc=QJE50384.1 	k__Viruses;K__Orthornavirae;p__Duplornaviricota;c__Resentoviricetes;o__Reovirales;f__Spinareoviridae;g__Orthoreovirus;s__Phocid orthoreovirus 1	Arthropoda
CALSFZ01_EVE114	low	23	maybe-viral (19), non-viral (1), viral (1)	uncharacterized protein (19), annotated protein of Eukaryota (1), VDB (1)	CALSFZ010000166.1_9146-9249:-	1.77e-9	90	Uncharacterized protein n=17 Tax=Bilateria  RepID=A0A9D4RU23_DREPO	Sigma 2 [Phocid orthoreovirus 1] acc=QJE50384.1 	k__Viruses;K__Orthornavirae;p__Duplornaviricota;c__Resentoviricetes;o__Reovirales;f__Spinareoviridae;g__Orthoreovirus;s__Phocid orthoreovirus 1	Arthropoda
CALSFZ01_EVE115	low	23	maybe-viral (19), non-viral (1), viral (1)	uncharacterized protein (19), annotated protein of Eukaryota (1), VDB (1)	CALSFZ010000167.1_24700-24803:+	1.77e-9	90	Uncharacterized protein n=17 Tax=Bilateria  RepID=A0A9D4RU23_DREPO	Sigma 2 [Phocid orthoreovirus 1] acc=QJE50384.1 	k__Viruses;K__Orthornavirae;p__Duplornaviricota;c__Resentoviricetes;o__Reovirales;f__Spinareoviridae;g__Orthoreovirus;s__Phocid orthoreovirus 1	Arthropoda
CALSFZ01_EVE116	low	23	maybe-viral (19), non-viral (1), viral (1)	uncharacterized protein (19), annotated protein of Eukaryota (1), VDB (1)	CALSFZ010000168.1_8092-8195:-	1.77e-9	90	Uncharacterized protein n=17 Tax=Bilateria  RepID=A0A9D4RU23_DREPO	Sigma 2 [Phocid orthoreovirus 1] acc=QJE50384.1 	k__Viruses;K__Orthornavirae;p__Duplornaviricota;c__Resentoviricetes;o__Reovirales;f__Spinareoviridae;g__Orthoreovirus;s__Phocid orthoreovirus 1	Arthropoda
CALSFZ01_EVE117	low	23	maybe-viral (19), non-viral (1), viral (1)	uncharacterized protein (19), annotated protein of Eukaryota (1), VDB (1)	CALSFZ010000178.1_11020-11123:+	1.77e-9	90	Uncharacterized protein n=17 Tax=Bilateria  RepID=A0A9D4RU23_DREPO	Sigma 2 [Phocid orthoreovirus 1] acc=QJE50384.1 	k__Viruses;K__Orthornavirae;p__Duplornaviricota;c__Resentoviricetes;o__Reovirales;f__Spinareoviridae;g__Orthoreovirus;s__Phocid orthoreovirus 1	Arthropoda
CALSFZ01_EVE118	low	23	maybe-viral (19), non-viral (1), viral (1)	uncharacterized protein (19), annotated protein of Eukaryota (1), VDB (1)	CALSFZ010000183.1_40575-40678:+	1.77e-9	90	Uncharacterized protein n=17 Tax=Bilateria  RepID=A0A9D4RU23_DREPO	Sigma 2 [Phocid orthoreovirus 1] acc=QJE50384.1 	k__Viruses;K__Orthornavirae;p__Duplornaviricota;c__Resentoviricetes;o__Reovirales;f__Spinareoviridae;g__Orthoreovirus;s__Phocid orthoreovirus 1	Arthropoda
CALSFZ01_EVE119	low	23	maybe-viral (19), non-viral (1), viral (1)	uncharacterized protein (19), annotated protein of Eukaryota (1), VDB (1)	CALSFZ010000183.1_70763-70866:+	1.77e-9	90	Uncharacterized protein n=17 Tax=Bilateria  RepID=A0A9D4RU23_DREPO	Sigma 2 [Phocid orthoreovirus 1] acc=QJE50384.1 	k__Viruses;K__Orthornavirae;p__Duplornaviricota;c__Resentoviricetes;o__Reovirales;f__Spinareoviridae;g__Orthoreovirus;s__Phocid orthoreovirus 1	Arthropoda
CALSFZ01_EVE120	low	23	maybe-viral (19), non-viral (1), viral (1)	uncharacterized protein (19), annotated protein of Eukaryota (1), VDB (1)	CALSFZ010000185.1_33487-33590:-	1.77e-9	90	Uncharacterized protein n=17 Tax=Bilateria  RepID=A0A9D4RU23_DREPO	Sigma 2 [Phocid orthoreovirus 1] acc=QJE50384.1 	k__Viruses;K__Orthornavirae;p__Duplornaviricota;c__Resentoviricetes;o__Reovirales;f__Spinareoviridae;g__Orthoreovirus;s__Phocid orthoreovirus 1	Arthropoda
CALSFZ01_EVE121	low	23	maybe-viral (19), non-viral (1), viral (1)	uncharacterized protein (19), annotated protein of Eukaryota (1), VDB (1)	CALSFZ010000189.1_16751-16854:-	1.77e-9	90	Uncharacterized protein n=17 Tax=Bilateria  RepID=A0A9D4RU23_DREPO	Sigma 2 [Phocid orthoreovirus 1] acc=QJE50384.1 	k__Viruses;K__Orthornavirae;p__Duplornaviricota;c__Resentoviricetes;o__Reovirales;f__Spinareoviridae;g__Orthoreovirus;s__Phocid orthoreovirus 1	Arthropoda
CALSFZ01_EVE122	low	23	maybe-viral (19), non-viral (1), viral (1)	uncharacterized protein (19), annotated protein of Eukaryota (1), VDB (1)	CALSFZ010000203.1_15291-15394:+	1.77e-9	90	Uncharacterized protein n=17 Tax=Bilateria  RepID=A0A9D4RU23_DREPO	Sigma 2 [Phocid orthoreovirus 1] acc=QJE50384.1 	k__Viruses;K__Orthornavirae;p__Duplornaviricota;c__Resentoviricetes;o__Reovirales;f__Spinareoviridae;g__Orthoreovirus;s__Phocid orthoreovirus 1	Arthropoda
CALSFZ01_EVE123	low	23	maybe-viral (19), non-viral (1), viral (1)	uncharacterized protein (19), annotated protein of Eukaryota (1), VDB (1)	CALSFZ010000203.1_2131-2234:+	1.77e-9	90	Uncharacterized protein n=17 Tax=Bilateria  RepID=A0A9D4RU23_DREPO	Sigma 2 [Phocid orthoreovirus 1] acc=QJE50384.1 	k__Viruses;K__Orthornavirae;p__Duplornaviricota;c__Resentoviricetes;o__Reovirales;f__Spinareoviridae;g__Orthoreovirus;s__Phocid orthoreovirus 1	Arthropoda
CALSFZ01_EVE124	low	23	maybe-viral (19), non-viral (1), viral (1)	uncharacterized protein (19), annotated protein of Eukaryota (1), VDB (1)	CALSFZ010000203.1_36152-36255:+	1.77e-9	90	Uncharacterized protein n=17 Tax=Bilateria  RepID=A0A9D4RU23_DREPO	Sigma 2 [Phocid orthoreovirus 1] acc=QJE50384.1 	k__Viruses;K__Orthornavirae;p__Duplornaviricota;c__Resentoviricetes;o__Reovirales;f__Spinareoviridae;g__Orthoreovirus;s__Phocid orthoreovirus 1	Arthropoda
CALSFZ01_EVE125	low	23	maybe-viral (19), non-viral (1), viral (1)	uncharacterized protein (19), annotated protein of Eukaryota (1), VDB (1)	CALSFZ010000208.1_16736-16839:+	1.77e-9	90	Uncharacterized protein n=17 Tax=Bilateria  RepID=A0A9D4RU23_DREPO	Sigma 2 [Phocid orthoreovirus 1] acc=QJE50384.1 	k__Viruses;K__Orthornavirae;p__Duplornaviricota;c__Resentoviricetes;o__Reovirales;f__Spinareoviridae;g__Orthoreovirus;s__Phocid orthoreovirus 1	Arthropoda
CALSFZ01_EVE126	low	23	maybe-viral (19), non-viral (1), viral (1)	uncharacterized protein (19), annotated protein of Eukaryota (1), VDB (1)	CALSFZ010000213.1_10293-10396:-	1.77e-9	90	Uncharacterized protein n=17 Tax=Bilateria  RepID=A0A9D4RU23_DREPO	Sigma 2 [Phocid orthoreovirus 1] acc=QJE50384.1 	k__Viruses;K__Orthornavirae;p__Duplornaviricota;c__Resentoviricetes;o__Reovirales;f__Spinareoviridae;g__Orthoreovirus;s__Phocid orthoreovirus 1	Arthropoda
CALSFZ01_EVE127	low	23	maybe-viral (19), non-viral (1), viral (1)	uncharacterized protein (19), annotated protein of Eukaryota (1), VDB (1)	CALSFZ010000213.1_38458-38561:-	1.77e-9	90	Uncharacterized protein n=17 Tax=Bilateria  RepID=A0A9D4RU23_DREPO	Sigma 2 [Phocid orthoreovirus 1] acc=QJE50384.1 	k__Viruses;K__Orthornavirae;p__Duplornaviricota;c__Resentoviricetes;o__Reovirales;f__Spinareoviridae;g__Orthoreovirus;s__Phocid orthoreovirus 1	Arthropoda
CALSFZ01_EVE128	low	23	maybe-viral (9), retro (5), non-viral (4), viral (3)	uncharacterized protein (7), retro (5), annotated protein of Eukaryota (3), VDB (3), annotated protein of unclassified root superkingdom (1), hypothetical protein (1), polyprotein protein (1)	CALSFZ010000225.1_29775-30014:-	6.449999999999999e-31	65.4	pol-like protein [Ceratitis capitata] acc=AAC28743.1 	polyprotein [Chibugado virus] acc=QHA33695.1 	k__Viruses;K__Pararnavirae;p__Artverviricota;c__Revtraviricetes;o__Ortervirales;f__Metaviridae;g__unclassified Metaviridae genus;s__Chibugado virus	Arthropoda
CALSFZ01_EVE129	low	23	maybe-viral (19), non-viral (1), viral (1)	uncharacterized protein (19), annotated protein of Eukaryota (1), VDB (1)	CALSFZ010000234.1_17109-17212:-	1.77e-9	90	Uncharacterized protein n=17 Tax=Bilateria  RepID=A0A9D4RU23_DREPO	Sigma 2 [Phocid orthoreovirus 1] acc=QJE50384.1 	k__Viruses;K__Orthornavirae;p__Duplornaviricota;c__Resentoviricetes;o__Reovirales;f__Spinareoviridae;g__Orthoreovirus;s__Phocid orthoreovirus 1	Arthropoda
CALSFZ01_EVE130	low	23	maybe-viral (19), non-viral (1), viral (1)	uncharacterized protein (19), annotated protein of Eukaryota (1), VDB (1)	CALSFZ010000237.1_10920-11023:+	1.77e-9	90	Uncharacterized protein n=17 Tax=Bilateria  RepID=A0A9D4RU23_DREPO	Sigma 2 [Phocid orthoreovirus 1] acc=QJE50384.1 	k__Viruses;K__Orthornavirae;p__Duplornaviricota;c__Resentoviricetes;o__Reovirales;f__Spinareoviridae;g__Orthoreovirus;s__Phocid orthoreovirus 1	Arthropoda
CALSFZ01_EVE131	low	23	maybe-viral (19), non-viral (1), viral (1)	uncharacterized protein (19), annotated protein of Eukaryota (1), VDB (1)	CALSFZ010000237.1_35026-35129:+	1.77e-9	90	Uncharacterized protein n=17 Tax=Bilateria  RepID=A0A9D4RU23_DREPO	Sigma 2 [Phocid orthoreovirus 1] acc=QJE50384.1 	k__Viruses;K__Orthornavirae;p__Duplornaviricota;c__Resentoviricetes;o__Reovirales;f__Spinareoviridae;g__Orthoreovirus;s__Phocid orthoreovirus 1	Arthropoda
CALSFZ01_EVE132	low	23	maybe-viral (19), non-viral (1), viral (1)	uncharacterized protein (19), annotated protein of Eukaryota (1), VDB (1)	CALSFZ010000239.1_13289-13392:+	1.77e-9	90	Uncharacterized protein n=17 Tax=Bilateria  RepID=A0A9D4RU23_DREPO	Sigma 2 [Phocid orthoreovirus 1] acc=QJE50384.1 	k__Viruses;K__Orthornavirae;p__Duplornaviricota;c__Resentoviricetes;o__Reovirales;f__Spinareoviridae;g__Orthoreovirus;s__Phocid orthoreovirus 1	Arthropoda
CALSFZ01_EVE133	low	23	maybe-viral (19), non-viral (1), viral (1)	uncharacterized protein (19), annotated protein of Eukaryota (1), VDB (1)	CALSFZ010000254.1_15927-16030:+	1.77e-9	90	Uncharacterized protein n=17 Tax=Bilateria  RepID=A0A9D4RU23_DREPO	Sigma 2 [Phocid orthoreovirus 1] acc=QJE50384.1 	k__Viruses;K__Orthornavirae;p__Duplornaviricota;c__Resentoviricetes;o__Reovirales;f__Spinareoviridae;g__Orthoreovirus;s__Phocid orthoreovirus 1	Arthropoda
CALSFZ01_EVE134	low	23	maybe-viral (19), non-viral (1), viral (1)	uncharacterized protein (19), annotated protein of Eukaryota (1), VDB (1)	CALSFZ010000260.1_22751-22854:+	1.77e-9	90	Uncharacterized protein n=17 Tax=Bilateria  RepID=A0A9D4RU23_DREPO	Sigma 2 [Phocid orthoreovirus 1] acc=QJE50384.1 	k__Viruses;K__Orthornavirae;p__Duplornaviricota;c__Resentoviricetes;o__Reovirales;f__Spinareoviridae;g__Orthoreovirus;s__Phocid orthoreovirus 1	Arthropoda
CALSFZ01_EVE135	low	23	maybe-viral (19), non-viral (1), viral (1)	uncharacterized protein (19), annotated protein of Eukaryota (1), VDB (1)	CALSFZ010000280.1_6783-6886:+	1.77e-9	90	Uncharacterized protein n=17 Tax=Bilateria  RepID=A0A9D4RU23_DREPO	Sigma 2 [Phocid orthoreovirus 1] acc=QJE50384.1 	k__Viruses;K__Orthornavirae;p__Duplornaviricota;c__Resentoviricetes;o__Reovirales;f__Spinareoviridae;g__Orthoreovirus;s__Phocid orthoreovirus 1	Arthropoda
CALSFZ01_EVE136	low	23	maybe-viral (19), non-viral (1), viral (1)	uncharacterized protein (19), annotated protein of Eukaryota (1), VDB (1)	CALSFZ010000281.1_16959-17062:+	1.77e-9	90	Uncharacterized protein n=17 Tax=Bilateria  RepID=A0A9D4RU23_DREPO	Sigma 2 [Phocid orthoreovirus 1] acc=QJE50384.1 	k__Viruses;K__Orthornavirae;p__Duplornaviricota;c__Resentoviricetes;o__Reovirales;f__Spinareoviridae;g__Orthoreovirus;s__Phocid orthoreovirus 1	Arthropoda
CALSFZ01_EVE137	low	23	maybe-viral (19), non-viral (1), viral (1)	uncharacterized protein (19), annotated protein of Eukaryota (1), VDB (1)	CALSFZ010000285.1_11490-11593:-	1.77e-9	90	Uncharacterized protein n=17 Tax=Bilateria  RepID=A0A9D4RU23_DREPO	Sigma 2 [Phocid orthoreovirus 1] acc=QJE50384.1 	k__Viruses;K__Orthornavirae;p__Duplornaviricota;c__Resentoviricetes;o__Reovirales;f__Spinareoviridae;g__Orthoreovirus;s__Phocid orthoreovirus 1	Arthropoda
CALSFZ01_EVE138	low	23	maybe-viral (19), non-viral (1), viral (1)	uncharacterized protein (19), annotated protein of Eukaryota (1), VDB (1)	CALSFZ010000302.1_15503-15606:-	1.77e-9	90	Uncharacterized protein n=17 Tax=Bilateria  RepID=A0A9D4RU23_DREPO	Sigma 2 [Phocid orthoreovirus 1] acc=QJE50384.1 	k__Viruses;K__Orthornavirae;p__Duplornaviricota;c__Resentoviricetes;o__Reovirales;f__Spinareoviridae;g__Orthoreovirus;s__Phocid orthoreovirus 1	Arthropoda
CALSFZ01_EVE139	low	23	maybe-viral (19), non-viral (1), viral (1)	uncharacterized protein (19), annotated protein of Eukaryota (1), VDB (1)	CALSFZ010000310.1_17921-18024:+	1.77e-9	90	Uncharacterized protein n=17 Tax=Bilateria  RepID=A0A9D4RU23_DREPO	Sigma 2 [Phocid orthoreovirus 1] acc=QJE50384.1 	k__Viruses;K__Orthornavirae;p__Duplornaviricota;c__Resentoviricetes;o__Reovirales;f__Spinareoviridae;g__Orthoreovirus;s__Phocid orthoreovirus 1	Arthropoda
CALSFZ01_EVE140	low	23	maybe-viral (19), non-viral (1), viral (1)	uncharacterized protein (19), annotated protein of Eukaryota (1), VDB (1)	CALSFZ010000329.1_1353-1456:-	1.77e-9	90	Uncharacterized protein n=17 Tax=Bilateria  RepID=A0A9D4RU23_DREPO	Sigma 2 [Phocid orthoreovirus 1] acc=QJE50384.1 	k__Viruses;K__Orthornavirae;p__Duplornaviricota;c__Resentoviricetes;o__Reovirales;f__Spinareoviridae;g__Orthoreovirus;s__Phocid orthoreovirus 1	Arthropoda
CALSFZ01_EVE141	low	23	maybe-viral (19), non-viral (1), viral (1)	uncharacterized protein (19), annotated protein of Eukaryota (1), VDB (1)	CALSFZ010000330.1_15436-15539:+	1.77e-9	90	Uncharacterized protein n=17 Tax=Bilateria  RepID=A0A9D4RU23_DREPO	Sigma 2 [Phocid orthoreovirus 1] acc=QJE50384.1 	k__Viruses;K__Orthornavirae;p__Duplornaviricota;c__Resentoviricetes;o__Reovirales;f__Spinareoviridae;g__Orthoreovirus;s__Phocid orthoreovirus 1	Arthropoda
CALSFZ01_EVE142	low	23	maybe-viral (19), non-viral (1), viral (1)	uncharacterized protein (19), annotated protein of Eukaryota (1), VDB (1)	CALSFZ010000347.1_8110-8213:+	1.77e-9	90	Uncharacterized protein n=17 Tax=Bilateria  RepID=A0A9D4RU23_DREPO	Sigma 2 [Phocid orthoreovirus 1] acc=QJE50384.1 	k__Viruses;K__Orthornavirae;p__Duplornaviricota;c__Resentoviricetes;o__Reovirales;f__Spinareoviridae;g__Orthoreovirus;s__Phocid orthoreovirus 1	Arthropoda
CALSFZ01_EVE143	low	23	maybe-viral (19), non-viral (1), viral (1)	uncharacterized protein (19), annotated protein of Eukaryota (1), VDB (1)	CALSFZ010000349.1_14799-14902:+	1.77e-9	90	Uncharacterized protein n=17 Tax=Bilateria  RepID=A0A9D4RU23_DREPO	Sigma 2 [Phocid orthoreovirus 1] acc=QJE50384.1 	k__Viruses;K__Orthornavirae;p__Duplornaviricota;c__Resentoviricetes;o__Reovirales;f__Spinareoviridae;g__Orthoreovirus;s__Phocid orthoreovirus 1	Arthropoda
CALSFZ01_EVE144	low	23	maybe-viral (19), non-viral (1), viral (1)	uncharacterized protein (19), annotated protein of Eukaryota (1), VDB (1)	CALSFZ010000350.1_5941-6044:-	1.77e-9	90	Uncharacterized protein n=17 Tax=Bilateria  RepID=A0A9D4RU23_DREPO	Sigma 2 [Phocid orthoreovirus 1] acc=QJE50384.1 	k__Viruses;K__Orthornavirae;p__Duplornaviricota;c__Resentoviricetes;o__Reovirales;f__Spinareoviridae;g__Orthoreovirus;s__Phocid orthoreovirus 1	Arthropoda
CALSFZ01_EVE145	low	23	maybe-viral (19), non-viral (1), viral (1)	uncharacterized protein (19), annotated protein of Eukaryota (1), VDB (1)	CALSFZ010000356.1_86-189:-	1.77e-9	90	Uncharacterized protein n=17 Tax=Bilateria  RepID=A0A9D4RU23_DREPO	Sigma 2 [Phocid orthoreovirus 1] acc=QJE50384.1 	k__Viruses;K__Orthornavirae;p__Duplornaviricota;c__Resentoviricetes;o__Reovirales;f__Spinareoviridae;g__Orthoreovirus;s__Phocid orthoreovirus 1	Arthropoda
CALSFZ01_EVE146	low	23	maybe-viral (19), non-viral (1), viral (1)	uncharacterized protein (19), annotated protein of Eukaryota (1), VDB (1)	CALSFZ010000368.1_8239-8342:-	1.77e-9	90	Uncharacterized protein n=17 Tax=Bilateria  RepID=A0A9D4RU23_DREPO	Sigma 2 [Phocid orthoreovirus 1] acc=QJE50384.1 	k__Viruses;K__Orthornavirae;p__Duplornaviricota;c__Resentoviricetes;o__Reovirales;f__Spinareoviridae;g__Orthoreovirus;s__Phocid orthoreovirus 1	Arthropoda
CALSFZ01_EVE147	low	23	maybe-viral (19), non-viral (1), viral (1)	uncharacterized protein (19), annotated protein of Eukaryota (1), VDB (1)	CALSFZ010000392.1_20762-20865:+	1.77e-9	90	Uncharacterized protein n=17 Tax=Bilateria  RepID=A0A9D4RU23_DREPO	Sigma 2 [Phocid orthoreovirus 1] acc=QJE50384.1 	k__Viruses;K__Orthornavirae;p__Duplornaviricota;c__Resentoviricetes;o__Reovirales;f__Spinareoviridae;g__Orthoreovirus;s__Phocid orthoreovirus 1	Arthropoda
CALSFZ01_EVE148	low	23	maybe-viral (19), non-viral (1), viral (1)	uncharacterized protein (19), annotated protein of Eukaryota (1), VDB (1)	CALSFZ010000394.1_5874-5977:-	1.77e-9	90	Uncharacterized protein n=17 Tax=Bilateria  RepID=A0A9D4RU23_DREPO	Sigma 2 [Phocid orthoreovirus 1] acc=QJE50384.1 	k__Viruses;K__Orthornavirae;p__Duplornaviricota;c__Resentoviricetes;o__Reovirales;f__Spinareoviridae;g__Orthoreovirus;s__Phocid orthoreovirus 1	Arthropoda
CALSFZ01_EVE149	low	23	maybe-viral (19), non-viral (1), viral (1)	uncharacterized protein (19), annotated protein of Eukaryota (1), VDB (1)	CALSFZ010000403.1_19233-19336:-	1.77e-9	90	Uncharacterized protein n=17 Tax=Bilateria  RepID=A0A9D4RU23_DREPO	Sigma 2 [Phocid orthoreovirus 1] acc=QJE50384.1 	k__Viruses;K__Orthornavirae;p__Duplornaviricota;c__Resentoviricetes;o__Reovirales;f__Spinareoviridae;g__Orthoreovirus;s__Phocid orthoreovirus 1	Arthropoda
CALSFZ01_EVE150	low	23	maybe-viral (19), non-viral (1), viral (1)	uncharacterized protein (19), annotated protein of Eukaryota (1), VDB (1)	CALSFZ010000424.1_5760-5863:+	1.77e-9	90	Uncharacterized protein n=17 Tax=Bilateria  RepID=A0A9D4RU23_DREPO	Sigma 2 [Phocid orthoreovirus 1] acc=QJE50384.1 	k__Viruses;K__Orthornavirae;p__Duplornaviricota;c__Resentoviricetes;o__Reovirales;f__Spinareoviridae;g__Orthoreovirus;s__Phocid orthoreovirus 1	Arthropoda
CALSFZ01_EVE151	low	23	maybe-viral (19), non-viral (1), viral (1)	uncharacterized protein (19), annotated protein of Eukaryota (1), VDB (1)	CALSFZ010000426.1_29771-29874:-	1.77e-9	90	Uncharacterized protein n=17 Tax=Bilateria  RepID=A0A9D4RU23_DREPO	Sigma 2 [Phocid orthoreovirus 1] acc=QJE50384.1 	k__Viruses;K__Orthornavirae;p__Duplornaviricota;c__Resentoviricetes;o__Reovirales;f__Spinareoviridae;g__Orthoreovirus;s__Phocid orthoreovirus 1	Arthropoda
CALSFZ01_EVE152	low	23	maybe-viral (19), non-viral (1), viral (1)	uncharacterized protein (19), annotated protein of Eukaryota (1), VDB (1)	CALSFZ010000426.1_56371-56474:-	1.77e-9	90	Uncharacterized protein n=17 Tax=Bilateria  RepID=A0A9D4RU23_DREPO	Sigma 2 [Phocid orthoreovirus 1] acc=QJE50384.1 	k__Viruses;K__Orthornavirae;p__Duplornaviricota;c__Resentoviricetes;o__Reovirales;f__Spinareoviridae;g__Orthoreovirus;s__Phocid orthoreovirus 1	Arthropoda
CALSFZ01_EVE153	low	23	maybe-viral (19), non-viral (1), viral (1)	uncharacterized protein (19), annotated protein of Eukaryota (1), VDB (1)	CALSFZ010000426.1_69228-69331:-	1.77e-9	90	Uncharacterized protein n=17 Tax=Bilateria  RepID=A0A9D4RU23_DREPO	Sigma 2 [Phocid orthoreovirus 1] acc=QJE50384.1 	k__Viruses;K__Orthornavirae;p__Duplornaviricota;c__Resentoviricetes;o__Reovirales;f__Spinareoviridae;g__Orthoreovirus;s__Phocid orthoreovirus 1	Arthropoda
CALSFZ01_EVE154	low	23	maybe-viral (19), non-viral (1), viral (1)	uncharacterized protein (19), annotated protein of Eukaryota (1), VDB (1)	CALSFZ010000446.1_23246-23349:-	1.77e-9	90	Uncharacterized protein n=17 Tax=Bilateria  RepID=A0A9D4RU23_DREPO	Sigma 2 [Phocid orthoreovirus 1] acc=QJE50384.1 	k__Viruses;K__Orthornavirae;p__Duplornaviricota;c__Resentoviricetes;o__Reovirales;f__Spinareoviridae;g__Orthoreovirus;s__Phocid orthoreovirus 1	Arthropoda
CALSFZ01_EVE155	low	23	maybe-viral (19), non-viral (1), viral (1)	uncharacterized protein (19), annotated protein of Eukaryota (1), VDB (1)	CALSFZ010000446.1_42574-42677:-	1.77e-9	90	Uncharacterized protein n=17 Tax=Bilateria  RepID=A0A9D4RU23_DREPO	Sigma 2 [Phocid orthoreovirus 1] acc=QJE50384.1 	k__Viruses;K__Orthornavirae;p__Duplornaviricota;c__Resentoviricetes;o__Reovirales;f__Spinareoviridae;g__Orthoreovirus;s__Phocid orthoreovirus 1	Arthropoda
CALSFZ01_EVE156	low	23	maybe-viral (19), non-viral (1), viral (1)	uncharacterized protein (19), annotated protein of Eukaryota (1), VDB (1)	CALSFZ010000446.1_5373-5476:-	1.77e-9	90	Uncharacterized protein n=17 Tax=Bilateria  RepID=A0A9D4RU23_DREPO	Sigma 2 [Phocid orthoreovirus 1] acc=QJE50384.1 	k__Viruses;K__Orthornavirae;p__Duplornaviricota;c__Resentoviricetes;o__Reovirales;f__Spinareoviridae;g__Orthoreovirus;s__Phocid orthoreovirus 1	Arthropoda
CALSFZ01_EVE157	low	23	maybe-viral (19), non-viral (1), viral (1)	uncharacterized protein (19), annotated protein of Eukaryota (1), VDB (1)	CALSFZ010000451.1_19369-19472:-	1.77e-9	90	Uncharacterized protein n=17 Tax=Bilateria  RepID=A0A9D4RU23_DREPO	Sigma 2 [Phocid orthoreovirus 1] acc=QJE50384.1 	k__Viruses;K__Orthornavirae;p__Duplornaviricota;c__Resentoviricetes;o__Reovirales;f__Spinareoviridae;g__Orthoreovirus;s__Phocid orthoreovirus 1	Arthropoda
CALSFZ01_EVE158	low	23	maybe-viral (19), non-viral (1), viral (1)	uncharacterized protein (19), annotated protein of Eukaryota (1), VDB (1)	CALSFZ010000451.1_3732-3835:-	1.77e-9	90	Uncharacterized protein n=17 Tax=Bilateria  RepID=A0A9D4RU23_DREPO	Sigma 2 [Phocid orthoreovirus 1] acc=QJE50384.1 	k__Viruses;K__Orthornavirae;p__Duplornaviricota;c__Resentoviricetes;o__Reovirales;f__Spinareoviridae;g__Orthoreovirus;s__Phocid orthoreovirus 1	Arthropoda
CALSFZ01_EVE159	low	23	maybe-viral (19), non-viral (1), viral (1)	uncharacterized protein (19), annotated protein of Eukaryota (1), VDB (1)	CALSFZ010000455.1_20184-20287:+	1.77e-9	90	Uncharacterized protein n=17 Tax=Bilateria  RepID=A0A9D4RU23_DREPO	Sigma 2 [Phocid orthoreovirus 1] acc=QJE50384.1 	k__Viruses;K__Orthornavirae;p__Duplornaviricota;c__Resentoviricetes;o__Reovirales;f__Spinareoviridae;g__Orthoreovirus;s__Phocid orthoreovirus 1	Arthropoda
CALSFZ01_EVE160	low	23	maybe-viral (19), non-viral (1), viral (1)	uncharacterized protein (19), annotated protein of Eukaryota (1), VDB (1)	CALSFZ010000456.1_16368-16471:-	1.77e-9	90	Uncharacterized protein n=17 Tax=Bilateria  RepID=A0A9D4RU23_DREPO	Sigma 2 [Phocid orthoreovirus 1] acc=QJE50384.1 	k__Viruses;K__Orthornavirae;p__Duplornaviricota;c__Resentoviricetes;o__Reovirales;f__Spinareoviridae;g__Orthoreovirus;s__Phocid orthoreovirus 1	Arthropoda
CALSFZ01_EVE161	low	23	maybe-viral (19), non-viral (1), viral (1)	uncharacterized protein (19), annotated protein of Eukaryota (1), VDB (1)	CALSFZ010000465.1_3930-4033:-	1.77e-9	90	Uncharacterized protein n=17 Tax=Bilateria  RepID=A0A9D4RU23_DREPO	Sigma 2 [Phocid orthoreovirus 1] acc=QJE50384.1 	k__Viruses;K__Orthornavirae;p__Duplornaviricota;c__Resentoviricetes;o__Reovirales;f__Spinareoviridae;g__Orthoreovirus;s__Phocid orthoreovirus 1	Arthropoda
CALSFZ01_EVE162	low	22	maybe-viral (10), non-viral (6), retro (2), viral (2)	uncharacterized protein (10), annotated protein of Eukaryota (4), annotated protein of unclassified root superkingdom (2), reverse transcriptase (2), VDB (2)	CALSFZ010000005.1_223691-223948:-	1.3e-36	70.9	polyprotein [Chibugado virus] acc=QHA33695.1 	polyprotein [Chibugado virus] acc=QHA33695.1 	k__Viruses;K__Pararnavirae;p__Artverviricota;c__Revtraviricetes;o__Ortervirales;f__Metaviridae;g__unclassified Metaviridae genus;s__Chibugado virus	Arthropoda
CALSFZ01_EVE163	low	22	maybe-viral (9), non-viral (5), retro (5), viral (3)	uncharacterized protein (7), retro (5), annotated protein of Eukaryota (4), VDB (3), annotated protein of unclassified root superkingdom (1), hypothetical protein (1), polyprotein protein (1)	CALSFZ010000038.1_47802-48041:-	3.05e-30	64.1	pol-like protein [Ceratitis capitata] acc=AAC28743.1 	polyprotein [Chibugado virus] acc=QHA33695.1 	k__Viruses;K__Pararnavirae;p__Artverviricota;c__Revtraviricetes;o__Ortervirales;f__Metaviridae;g__unclassified Metaviridae genus;s__Chibugado virus	Arthropoda
CALSFZ01_EVE164	low	22	maybe-viral (9), non-viral (5), retro (5), viral (3)	uncharacterized protein (7), retro (5), annotated protein of Eukaryota (4), VDB (3), annotated protein of unclassified root superkingdom (1), hypothetical protein (1), polyprotein protein (1)	CALSFZ010000038.1_54539-54778:-	3.05e-30	64.1	pol-like protein [Ceratitis capitata] acc=AAC28743.1 	polyprotein [Chibugado virus] acc=QHA33695.1 	k__Viruses;K__Pararnavirae;p__Artverviricota;c__Revtraviricetes;o__Ortervirales;f__Metaviridae;g__unclassified Metaviridae genus;s__Chibugado virus	Arthropoda
CALSFZ01_EVE165	low	22	maybe-viral (9), non-viral (5), retro (5), viral (3)	uncharacterized protein (7), retro (5), annotated protein of Eukaryota (4), VDB (3), annotated protein of unclassified root superkingdom (1), hypothetical protein (1), polyprotein protein (1)	CALSFZ010000038.1_61276-61515:-	3.05e-30	64.1	pol-like protein [Ceratitis capitata] acc=AAC28743.1 	polyprotein [Chibugado virus] acc=QHA33695.1 	k__Viruses;K__Pararnavirae;p__Artverviricota;c__Revtraviricetes;o__Ortervirales;f__Metaviridae;g__unclassified Metaviridae genus;s__Chibugado virus	Arthropoda
CALSFZ01_EVE166	low	22	maybe-viral (11), non-viral (5), retro (2), viral (2)	uncharacterized protein (11), annotated protein of Eukaryota (3), annotated protein of unclassified root superkingdom (2), VDB (2), retro (1), reverse transcriptase (1)	CALSFZ010000441.1_56152-56409:-	1.0699999999999999e-32	68.6	polyprotein [Chibugado virus] acc=QHA33695.1 	polyprotein [Chibugado virus] acc=QHA33695.1 	k__Viruses;K__Pararnavirae;p__Artverviricota;c__Revtraviricetes;o__Ortervirales;f__Metaviridae;g__unclassified Metaviridae genus;s__Chibugado virus	Arthropoda
CALSFZ01_EVE167	low	20	maybe-viral (8), non-viral (8), retro (2), viral (2)	uncharacterized protein (8), annotated protein of Eukaryota (6), annotated protein of unclassified root superkingdom (2), VDB (2), retro (1), reverse transcriptase (1)	CALSFZ010000008.1_4227247-4227504:+	1.23e-38	73.3	polyprotein [Chibugado virus] acc=QHA33695.1 	polyprotein [Chibugado virus] acc=QHA33695.1 	k__Viruses;K__Pararnavirae;p__Artverviricota;c__Revtraviricetes;o__Ortervirales;f__Metaviridae;g__unclassified Metaviridae genus;s__Chibugado virus	Arthropoda
CALSFZ01_EVE168	low	20	maybe-viral (8), non-viral (8), retro (2), viral (2)	uncharacterized protein (8), annotated protein of Eukaryota (6), annotated protein of unclassified root superkingdom (2), VDB (2), retro (1), reverse transcriptase (1)	CALSFZ010000014.1_4337263-4337520:-	1.23e-38	73.3	polyprotein [Chibugado virus] acc=QHA33695.1 	polyprotein [Chibugado virus] acc=QHA33695.1 	k__Viruses;K__Pararnavirae;p__Artverviricota;c__Revtraviricetes;o__Ortervirales;f__Metaviridae;g__unclassified Metaviridae genus;s__Chibugado virus	Arthropoda
CALSFZ01_EVE169	low	20	maybe-viral (9), non-viral (5), retro (4), viral (2)	uncharacterized protein (7), annotated protein of Eukaryota (5), retro (4), VDB (2), hypothetical protein (1), polyprotein protein (1)	CALSFZ010000199.1_12051-12290:-	4.1699999999999995e-30	64.1	pol-like protein [Ceratitis capitata] acc=AAC28743.1 	pol-like protein [Ceratitis capitata] acc=AAC28743.1 	NA	Arthropoda
CALSFZ01_EVE170	low	20	maybe-viral (9), non-viral (5), retro (4), viral (2)	uncharacterized protein (7), annotated protein of Eukaryota (5), retro (4), VDB (2), hypothetical protein (1), polyprotein protein (1)	CALSFZ010000224.1_16971-17210:+	4.1699999999999995e-30	64.1	pol-like protein [Ceratitis capitata] acc=AAC28743.1 	pol-like protein [Ceratitis capitata] acc=AAC28743.1 	NA	Arthropoda
CALSFZ01_EVE171	low	20	maybe-viral (9), retro (6), non-viral (3), viral (2)	uncharacterized protein (7), retro (6), annotated protein of Eukaryota (3), VDB (2), hypothetical protein (1), polyprotein protein (1)	CALSFZ010000268.1_6715-6954:+	1.8599999999999997e-31	66.7	pol-like protein [Ceratitis capitata] acc=AAC28743.1 	pol-like protein [Ceratitis capitata] acc=AAC28743.1 	NA	Arthropoda
CALSFZ01_EVE172	low	20	maybe-viral (10), retro (5), non-viral (3), viral (2)	uncharacterized protein (8), retro (5), annotated protein of Eukaryota (3), VDB (2), hypothetical protein (1), polyprotein protein (1)	CALSFZ010000444.1_12255-12494:+	5.3e-25	60	Retrovirus-related Pol polyprotein from transposon opus (Fragment) n=1 Tax=Bactrocera latifrons  RepID=A0A0K8VUM9_BACLA	pol-like protein [Ceratitis capitata] acc=AAC28743.1 	NA	Arthropoda
CALSFZ01_EVE173	low	20	maybe-viral (8), non-viral (8), retro (2), viral (2)	uncharacterized protein (8), annotated protein of Eukaryota (6), annotated protein of unclassified root superkingdom (2), VDB (2), retro (1), reverse transcriptase (1)	CALSFZ010000458.1_28798-29055:+	1.23e-38	73.3	polyprotein [Chibugado virus] acc=QHA33695.1 	polyprotein [Chibugado virus] acc=QHA33695.1 	k__Viruses;K__Pararnavirae;p__Artverviricota;c__Revtraviricetes;o__Ortervirales;f__Metaviridae;g__unclassified Metaviridae genus;s__Chibugado virus	Arthropoda
CALSFZ01_EVE174	low	19	maybe-viral (15), non-viral (4), viral (1)	uncharacterized protein (15), annotated protein of Eukaryota (4), virus (1)	CALSFZ010000009.1_5425302-5425862:-	5.289999999999999e-134	100	uncharacterized protein LOC128724650 n=1 Tax=Anopheles nili  RepID=UPI00237BE416	NA	NA	Arthropoda
CALSFZ01_EVE175	low	17	non-viral (8), maybe-viral (7), retro (3), viral (2)	uncharacterized protein (7), annotated protein of Eukaryota (6), annotated protein of unclassified root superkingdom (2), retro (2), VDB (2), reverse transcriptase (1)	CALSFZ010000408.1_11622-11856:+	1.53e-28	70	uncharacterized protein LOC128735958 n=1 Tax=Sabethes cyaneus  RepID=UPI00237EABF9	RNA-dependent RNA polymerase [Kvarnon virus] acc=UYE93847.1 	k__Viruses;K__unclassified Viruses kingdom;p__unclassified Viruses phylum;c__unclassified Viruses class;o__unclassified Viruses order;f__unclassified Viruses family;g__unclassified Viruses genus;s__Kvarnon virus	Arthropoda
CALSFZ01_EVE176	low	12	non-viral (16), maybe-viral (2), viral (2)	annotated protein of Eukaryota (16), uncharacterized protein (2), VDB (2)	CALSFZ010000001.1_1489426-1489629:+	2.7400000000000004e-21	52.2	RING-type domain-containing protein n=1 Tax=Anopheles dirus  RepID=A0A182NKN4_9DIPT	iap-3 [Hyposidra talaca nucleopolyhedrovirus] acc=YP_010086370.1 	k__Viruses;K__unclassified Viruses kingdom;p__unclassified Viruses phylum;c__Naldaviricetes;o__Lefavirales;f__Baculoviridae;g__Alphabaculovirus;s__Alphabaculovirus hytalacae	Arthropoda
CALSFZ01_EVE177	low	12	non-viral (12), maybe-viral (3), viral (2)	annotated protein of Eukaryota (12), uncharacterized protein (3), UDB Viruses (1), VDB (1)	CALSFZ010000024.1_6591458-6591928:-	1.4399999999999998e-69	72	Zinc finger protein n=34 Tax=Anopheles  RepID=A0A182MCH5_9DIPT	hypothetical protein [Fusarium graminearum mycovirus China 9] acc=ADU54127.2 	k__Viruses;K__Orthornavirae;p__Duplornaviricota;c__Chrymotiviricetes;o__Ghabrivirales;f__Chrysoviridae;g__Betachrysovirus;s__Betachrysovirus fugramineari	Arthropoda
CALSFZ01_EVE178	low	12	non-viral (15), maybe-viral (3), viral (2)	annotated protein of Eukaryota (15), uncharacterized protein (3), VDB (1), viral (1)	CALSFZ010000049.1_396242-396565:+	1.98e-45	67.3	RING-type domain-containing protein n=48 Tax=Cellia  RepID=A0A182MF22_9DIPT	baculoviral IAP repeat-containing protein [Penaeus semisulcatus pemonivirus] acc=BDV49836.1 	k__Viruses;K__unclassified Viruses kingdom;p__unclassified Viruses phylum;c__Naldaviricetes;o__unclassified Naldaviricetes order;f__Nimaviridae;g__unclassified Nimaviridae genus;s__Penaeus semisulcatus pemonivirus	Arthropoda
